index,shoe,material,emotion,target_h2h_ms,target_pk_db,desired_peak_dbfs,h2h_mean_ms,h2h_se_ms,h2h_sampling_sd_ms,pk_mean_db,pk_se_db,pk_sampling_sd_db,wav_path,n_steps_scheduled,before_peak_dbfs,after_peak_dbfs,before_rms_dbfs,after_rms_dbfs,applied_gain_db,sr,duration_s,aggressive_log_likelihood,happy_log_likelihood,neutral_log_likelihood,tender_log_likelihood,sad_log_likelihood,aggressive_estimate,happy_estimate,neutral_estimate,tender_estimate,sad_estimate,predicted_emotion,source_emotion_folder
0,dress,gravel,aggressive,888.9395280705207,72.08405697240173,-11.18973431410345,691,47,210.19038988498025,85.2,2.1,9.391485505499118,turchet_emotion_generated/dress/gravel/aggressive/dress_gravel_aggressive_0000.wav,12,0.5709186203516874,-11.189734284791813,-24.06907032871517,-35.82972425274138,-11.760652934455138,44100,10.0,-10.844323439374534,-10.22869241282112,-9.301462376841272,-12.174156038618662,-17.224410664382912,0.1282874339817701,0.23743748099686016,0.6001228515817326,0.03393478943263092,0.00021744400700625228,neutral,aggressive
1,dress,gravel,aggressive,548.1305551479425,88.6795788835425,-5.888489297618021,691,47,210.19038988498025,85.2,2.1,9.391485505499118,turchet_emotion_generated/dress/gravel/aggressive/dress_gravel_aggressive_0001.wav,18,0.5179859875751671,-5.888489564861679,-22.721707275527496,-29.128182371551148,-6.406475285193188,44100,10.0,-9.725336598616588,-10.521300527785606,-18.009312011544537,-28.539033190697655,-45.75561631795559,0.6889905624418858,0.3108354412346941,0.0001739916726093246,4.650810657408201e-09,1.5504637241095702e-16,aggressive,aggressive
2,dress,gravel,aggressive,477.37322967144087,84.52268585135774,-7.216360068355216,691,47,210.19038988498025,85.2,2.1,9.391485505499118,turchet_emotion_generated/dress/gravel/aggressive/dress_gravel_aggressive_0002.wav,21,0.7260825703188302,-7.21635991643039,-22.22873928667862,-30.17118141617532,-7.942442638674046,44100,10.0,-9.94477747260469,-10.267993718246512,-17.318732844015244,-30.75713539761245,-52.74179429493552,0.5798968220330911,0.4197393607608656,0.0003638166755760081,5.304671888225315e-10,1.50259687352872e-19,aggressive,aggressive
3,dress,gravel,aggressive,728.6653795263211,77.39474376615082,-9.493297645812966,691,47,210.19038988498025,85.2,2.1,9.391485505499118,turchet_emotion_generated/dress/gravel/aggressive/dress_gravel_aggressive_0003.wav,14,0.8846321015681268,-9.493297854331392,-24.261633303811017,-34.63956369531921,-10.377929747381092,44100,10.0,-9.787112929740625,-9.774185752555233,-11.36257442912386,-17.612191878229808,-27.817724933849625,0.4503849748161312,0.45624497621933185,0.09319007431381422,0.00017996799816602342,6.652556856566871e-09,happy,aggressive
4,dress,gravel,aggressive,415.8529259902804,87.02089391163493,-6.418336776252687,691,47,210.19038988498025,85.2,2.1,9.391485505499118,turchet_emotion_generated/dress/gravel/aggressive/dress_gravel_aggressive_0004.wav,24,0.5837394528997136,-6.4183368050191465,-21.570207978121203,-28.57228381941825,-7.002076229152401,44100,10.0,-10.301279925281465,-10.678004180324114,-19.660028444222462,-35.12999216228665,-60.5393861638958,0.5930524689147159,0.40689640525641735,5.1125819091689476e-05,9.775081813344848e-12,9.014897591607144e-23,aggressive,aggressive
5,dress,gravel,aggressive,899.7715424392042,79.12388139438893,-8.940944891642513,691,47,210.19038988498025,85.2,2.1,9.391485505499118,turchet_emotion_generated/dress/gravel/aggressive/dress_gravel_aggressive_0005.wav,12,0.5530232952470516,-8.940944967029498,-24.80822776463685,-34.30219735085937,-9.493968186889564,44100,10.0,-10.128259388322107,-10.214583337427557,-10.56491225605646,-13.223733727716121,-17.229255498544518,0.3832048137885303,0.3515126358578158,0.24762530590208945,0.01734137507056837,0.00031586938099628897,aggressive,aggressive
6,dress,gravel,aggressive,620.866196393853,79.95119486486418,-8.67666929754481,691,47,210.19038988498025,85.2,2.1,9.391485505499118,turchet_emotion_generated/dress/gravel/aggressive/dress_gravel_aggressive_0006.wav,16,0.5315455110015137,-8.676669419132084,-23.07537508351229,-32.28358932803899,-9.208214808546323,44100,10.0,-9.637540333292874,-9.794233462484627,-13.338893195055729,-22.409451365624484,-37.19614187561483,0.5320112997857869,0.4548517765816609,0.01313541302887899,1.510603101368064e-06,5.71968719057225e-13,aggressive,aggressive
7,dress,gravel,aggressive,582.9292105309869,70.8208600213053,-11.593247778620892,691,47,210.19038988498025,85.2,2.1,9.391485505499118,turchet_emotion_generated/dress/gravel/aggressive/dress_gravel_aggressive_0007.wav,17,0.6991173060289285,-11.593248204910928,-23.26313567731889,-35.55549985221512,-12.29236508464982,44100,10.0,-10.729979776583852,-9.910552237309018,-12.241602183519438,-22.479899836223638,-40.12870561792779,0.2865526413042196,0.6502453790177963,0.06319971879033881,2.2608875962861656e-06,4.892152741994361e-14,happy,aggressive
8,dress,gravel,aggressive,858.4094655013699,66.3827639930578,-13.010945551454212,691,47,210.19038988498025,85.2,2.1,9.391485505499118,turchet_emotion_generated/dress/gravel/aggressive/dress_gravel_aggressive_0008.wav,12,1.180789957651101,-13.010945477680233,-24.52746226633524,-38.71919661380386,-14.191735509105312,44100,10.0,-11.750176893921541,-10.514744865175519,-9.323563320536545,-12.402758795910934,-18.761335109290762,0.06141771678308989,0.21126861257781127,0.6952781031001183,0.03198018328085025,5.5384258130166314e-05,neutral,aggressive
9,dress,gravel,aggressive,565.524167233057,99.32179721272524,-2.488957352554186,691,47,210.19038988498025,85.2,2.1,9.391485505499118,turchet_emotion_generated/dress/gravel/aggressive/dress_gravel_aggressive_0009.wav,18,1.0042597046339383,-2.4889574202009173,-23.09271198522902,-26.58592834980191,-3.4932170571881245,44100,10.0,-10.73440464587462,-12.26685675321332,-24.70590478123414,-32.65546293421666,-46.6559311331957,0.822364224728578,0.17763507143457977,7.035886034865807e-07,2.482387392317965e-10,2.0632101895749518e-16,aggressive,aggressive
10,dress,gravel,aggressive,947.7341958842976,76.73714316884858,-9.70336045118615,691,47,210.19038988498025,85.2,2.1,9.391485505499118,turchet_emotion_generated/dress/gravel/aggressive/dress_gravel_aggressive_0010.wav,11,0.3788617391993349,-9.703360019751726,-25.2807005331878,-35.362922272070584,-10.082222190385483,44100,10.0,-10.577656504721876,-10.373071224022375,-9.813721821948366,-11.785279151498749,-14.781923069878154,0.21333055256497768,0.2617600209497281,0.45795802686842496,0.06376600465694152,0.0031853949599276597,neutral,aggressive
11,dress,gravel,aggressive,595.6368870247865,85.95350745486135,-6.759300872768167,691,47,210.19038988498025,85.2,2.1,9.391485505499118,turchet_emotion_generated/dress/gravel/aggressive/dress_gravel_aggressive_0011.wav,17,0.8164330276961361,-6.759301293496486,-23.086420439399998,-30.66215601727077,-7.575733900464303,44100,10.0,-9.53183422580835,-10.182745809790925,-15.944784954400465,-25.30317436321181,-40.473716547769214,0.6565081121871054,0.34241500502848027,0.0010767899232307634,9.286115967599739e-08,2.3952527349266283e-14,aggressive,aggressive
12,dress,gravel,aggressive,426.55877733571486,90.38616617337703,-5.343339984817,691,47,210.19038988498025,85.2,2.1,9.391485505499118,turchet_emotion_generated/dress/gravel/aggressive/dress_gravel_aggressive_0012.wav,24,0.7867193828840713,-5.343340136561162,-21.57882983370127,-27.70888939369873,-6.130059367701071,44100,10.0,-10.369579707270148,-11.032469246899575,-21.1885608233858,-35.78798948476127,-59.89716470235617,0.6599004679897843,0.34008632346959555,1.3208534589041715e-05,6.031194458004893e-12,2.0413692616173688e-22,aggressive,aggressive
13,dress,gravel,aggressive,1159.2153395191676,72.4722691568623,-11.065724480653802,691,47,210.19038988498025,85.2,2.1,9.391485505499118,turchet_emotion_generated/dress/gravel/aggressive/dress_gravel_aggressive_0013.wav,9,0.4816519200231811,-11.065724615343598,-26.780175601255824,-38.32755243163254,-11.547376400676985,44100,10.0,-12.82508433539775,-11.704252667380814,-9.350942856905117,-9.221155364890699,-8.987479181547942,0.008368620084627876,0.025669940435465843,0.27005630788060453,0.3074824390931613,0.38842269250614053,sad,aggressive
14,dress,gravel,aggressive,751.5860652655933,84.08125515058217,-7.357369933253722,691,47,210.19038988498025,85.2,2.1,9.391485505499118,turchet_emotion_generated/dress/gravel/aggressive/dress_gravel_aggressive_0014.wav,14,0.7946054679243781,-7.357369924384917,-24.01054726067926,-32.1625228434505,-8.151975401178099,44100,10.0,-9.474331696457954,-10.078026973371628,-13.259673214448954,-18.58456612972501,-26.962542163872023,0.6371053884792997,0.34836117821538864,0.01446299862352017,7.041849435891207e-05,1.6187432627773946e-08,aggressive,aggressive
15,dress,gravel,aggressive,1070.252811871308,83.69396091975584,-7.481086537171031,691,47,210.19038988498025,85.2,2.1,9.391485505499118,turchet_emotion_generated/dress/gravel/aggressive/dress_gravel_aggressive_0015.wav,10,0.6929826633157734,-7.4810867076857885,-25.96041037481763,-34.1344809195465,-8.174069200486803,44100,10.0,-11.066355552249117,-11.272233995875679,-11.868952704122972,-12.038131869334974,-11.603822609358676,0.3101032923701212,0.25240299572317115,0.13897697769232717,0.11734626877419974,0.18117046544018062,aggressive,aggressive
16,dress,gravel,aggressive,680.3518150367134,83.40741063243152,-7.572621668803783,691,47,210.19038988498025,85.2,2.1,9.391485505499118,turchet_emotion_generated/dress/gravel/aggressive/dress_gravel_aggressive_0016.wav,15,0.2317512395180279,-7.572621786710528,-24.519427594886487,-32.323800363478085,-7.80437290832181,44100,10.0,-9.445193910562017,-9.964580801151138,-13.751497007497608,-20.924682089865293,-32.42057653974126,0.6217440777971817,0.3698663288534367,0.008383164434090987,6.428849898120337e-06,6.539277414964473e-11,aggressive,aggressive
17,dress,gravel,aggressive,482.78408853907695,91.52075133974073,-4.980910047923844,691,47,210.19038988498025,85.2,2.1,9.391485505499118,turchet_emotion_generated/dress/gravel/aggressive/dress_gravel_aggressive_0017.wav,21,1.002701659545633,-4.9809100353025935,-21.93962834463846,-27.92323960733161,-5.9836117074694775,44100,10.0,-10.142829325828666,-11.022797148563912,-20.73777514353258,-33.07734068871868,-53.492906522284855,0.7068030424785501,0.2931792574994686,1.7699944540972564e-05,7.74402382140415e-11,1.053414019161482e-19,aggressive,aggressive
18,dress,gravel,aggressive,412.6905905527602,96.15507522557486,-3.5005295852843963,691,47,210.19038988498025,85.2,2.1,9.391485505499118,turchet_emotion_generated/dress/gravel/aggressive/dress_gravel_aggressive_0018.wav,24,1.017743700294556,-3.500530070299823,-21.67750291949237,-26.19577552831518,-4.518273285578952,44100,10.0,-10.982641094067803,-12.000470822653233,-25.153129421158145,-39.2363934115274,-63.03045842885655,0.7345492630449134,0.26545022189680656,5.150578860351809e-07,3.9406893739902656e-13,1.8278521492997808e-23,aggressive,aggressive
19,dress,gravel,aggressive,692.7605924352814,89.92983437461244,-5.489109830864484,691,47,210.19038988498025,85.2,2.1,9.391485505499118,turchet_emotion_generated/dress/gravel/aggressive/dress_gravel_aggressive_0019.wav,15,0.4588152441754781,-5.489109918943809,-23.911598384529675,-29.85952307898318,-5.947925075039962,44100,10.0,-9.552550983438207,-10.603816116906355,-16.66326326363986,-22.753549337891837,-32.58928539171994,0.740568778871962,0.2588253157506413,0.0006045361742317139,1.3691299095884265e-06,7.325525161448737e-11,aggressive,aggressive
20,dress,gravel,aggressive,574.8141727975458,76.55801450628924,-9.76058100350062,691,47,210.19038988498025,85.2,2.1,9.391485505499118,turchet_emotion_generated/dress/gravel/aggressive/dress_gravel_aggressive_0020.wav,18,0.6798836712937605,-9.760580994749995,-22.89006195763012,-33.33052536053424,-10.44046467479438,44100,10.0,-10.001846884754718,-9.772509195785078,-13.155174894364626,-23.734692224325336,-41.280584734534585,0.4346923554033652,0.546741569912248,0.018565602531052307,4.721533232919297e-07,1.1323971133185374e-14,happy,aggressive
21,dress,gravel,aggressive,1069.3980576268011,89.60037848863175,-5.594350653241662,691,47,210.19038988498025,85.2,2.1,9.391485505499118,turchet_emotion_generated/dress/gravel/aggressive/dress_gravel_aggressive_0021.wav,10,1.1834675818110592,-5.594350331561037,-24.9592723041866,-31.73709023211984,-6.777818235052721,44100,10.0,-11.155937819101034,-11.83899955369833,-14.632006758981852,-14.12698658113937,-12.703975417583989,0.5555828948623825,0.28060727362671983,0.017183487330125726,0.028473364222302663,0.11815297995846906,aggressive,aggressive
22,dress,gravel,aggressive,944.7004688632126,86.95736198243391,-6.438631306600571,691,47,210.19038988498025,85.2,2.1,9.391485505499118,turchet_emotion_generated/dress/gravel/aggressive/dress_gravel_aggressive_0022.wav,11,0.1657000369338868,-6.438630995193759,-25.22981275331312,-31.834143672208384,-6.604331343534458,44100,10.0,-10.171630113342298,-10.886051190041178,-13.353825429304704,-14.684294225971133,-16.31629180673393,0.6476331768221214,0.31700050730767065,0.026873189989507242,0.007104016570780109,0.0013891093099206652,aggressive,aggressive
23,dress,gravel,aggressive,1239.9348043804978,88.55745652242962,-5.9274998549067615,691,47,210.19038988498025,85.2,2.1,9.391485505499118,turchet_emotion_generated/dress/gravel/aggressive/dress_gravel_aggressive_0023.wav,8,0.9152052070090624,-5.927500091414039,-26.365397269771314,-33.20810273827113,-6.842705061915824,44100,10.0,-12.899844366903276,-12.985607098607373,-14.85667235217284,-13.606441301063379,-10.717245639815022,0.08755215545904443,0.08035641654842497,0.012371639214056106,0.043191242034645444,0.7765285467438291,sad,aggressive
24,dress,gravel,aggressive,474.54492662906887,92.41744204488948,-4.694472709137433,691,47,210.19038988498025,85.2,2.1,9.391485505499118,turchet_emotion_generated/dress/gravel/aggressive/dress_gravel_aggressive_0024.wav,21,0.5982793643074233,-4.694472766257091,-22.44304246771824,-27.73579470384253,-5.2927520734448565,44100,10.0,-10.251246370176569,-11.176099759274974,-21.43449334024485,-33.91820763872063,-54.64711838576956,0.7160228550695281,0.2839671884446154,9.956448143065145e-06,3.7713444742260256e-11,3.7501155477657483e-20,aggressive,aggressive
25,dress,gravel,aggressive,780.393786979856,63.40095366785498,-13.963449920477675,691,47,210.19038988498025,85.2,2.1,9.391485505499118,turchet_emotion_generated/dress/gravel/aggressive/dress_gravel_aggressive_0025.wav,13,0.2061441415445823,-13.963450087029958,-24.307582031629437,-38.47717598038167,-14.169594062022258,44100,10.0,-12.210002555099674,-10.646130268327243,-10.132804332296216,-14.497001087478523,-23.6762704982639,0.07214518231996808,0.34465806053382303,0.5758681525563031,0.007327848679298626,7.55910607150734e-07,neutral,aggressive
26,dress,gravel,aggressive,666.6380449042898,94.40552489995414,-4.059402936447942,691,47,210.19038988498025,85.2,2.1,9.391485505499118,turchet_emotion_generated/dress/gravel/aggressive/dress_gravel_aggressive_0026.wav,15,0.1200815330611789,-4.059402794306287,-23.98287819553474,-28.162362639448325,-4.179484469509121,44100,10.0,-9.912806242124974,-11.260474763319612,-19.698896622500428,-25.72288866445369,-35.82742422874036,0.7937126885429184,0.20624257433601081,4.462911466148944e-05,1.0800199273213956e-07,4.4165965707870205e-12,aggressive,aggressive
27,dress,gravel,aggressive,859.3971921443601,82.01219728277539,-8.018306224938968,691,47,210.19038988498025,85.2,2.1,9.391485505499118,turchet_emotion_generated/dress/gravel/aggressive/dress_gravel_aggressive_0027.wav,12,0.8413154534692212,-8.01830622593661,-24.915195979469864,-33.77481613754469,-8.859621678408189,44100,10.0,-9.80423519536373,-10.192397854699614,-11.669335739444769,-14.886549552761702,-19.724928081658437,0.5436445107386763,0.3687551600849124,0.08420000800011991,0.0033736026297034377,2.671854658807198e-05,aggressive,aggressive
28,dress,gravel,aggressive,436.1180434552614,89.81397624726593,-5.526119352077717,691,47,210.19038988498025,85.2,2.1,9.391485505499118,turchet_emotion_generated/dress/gravel/aggressive/dress_gravel_aggressive_0028.wav,23,0.749179012155545,-5.526119040346483,-21.73598616148809,-28.01128304800267,-6.275298364233262,44100,10.0,-10.281607705657734,-10.92688212913245,-20.674512419169364,-34.996225623212894,-58.60747651623495,0.6559315891173999,0.3440483071064241,2.0103764057890193e-05,1.2118151082015735e-11,6.748393354071001e-22,aggressive,aggressive
29,dress,gravel,aggressive,450.1579773230545,97.64070045747177,-3.02596401276863,691,47,210.19038988498025,85.2,2.1,9.391485505499118,turchet_emotion_generated/dress/gravel/aggressive/dress_gravel_aggressive_0029.wav,23,1.0159964777194206,-3.0259635308774846,-21.999300267551455,-26.041260630663064,-4.041960490488051,44100,10.0,-10.959541906458035,-12.164905872404926,-25.469470323611876,-37.8023875997433,-58.87495477507988,0.7694773328252962,0.23052228292291382,3.8425009768390785e-07,1.692372921182463e-12,1.1934285524282553e-21,aggressive,aggressive
30,dress,gravel,aggressive,626.6255049717247,76.51457573366197,-9.774457010422582,691,47,210.19038988498025,85.2,2.1,9.391485505499118,turchet_emotion_generated/dress/gravel/aggressive/dress_gravel_aggressive_0030.wav,16,0.5742271272816973,-9.774456986540688,-23.19981301969504,-33.548496956968606,-10.34868413770428,44100,10.0,-9.900239286045453,-9.732193058231566,-12.388468432369203,-21.395555694486056,-36.30929983194174,0.44129489488793805,0.5220480198358181,0.036652593929714934,4.491345031167982e-06,1.4976820889544827e-12,happy,aggressive
31,dress,gravel,aggressive,571.6820789521153,77.58454946552851,-9.432666439195051,691,47,210.19038988498025,85.2,2.1,9.391485505499118,turchet_emotion_generated/dress/gravel/aggressive/dress_gravel_aggressive_0031.wav,18,0.5686999644006756,-9.43266608130022,-23.396653388851995,-33.398019520703535,-10.001366403595728,44100,10.0,-9.915586918340898,-9.78273507410092,-13.433645967475247,-24.092703074641104,-41.688964365237155,0.46046061140445527,0.5258832142090103,0.013655853649448088,3.2073707910181393e-07,7.314590021743452e-15,happy,aggressive
32,dress,gravel,aggressive,573.1426094736711,78.28425936264411,-9.209152311412216,691,47,210.19038988498025,85.2,2.1,9.391485505499118,turchet_emotion_generated/dress/gravel/aggressive/dress_gravel_aggressive_0032.wav,18,0.7432288710581227,-9.209152466244376,-23.460566288561367,-33.4129472345153,-9.952381182470337,44100,10.0,-9.854027012830233,-9.791133464522456,-13.58283031015219,-24.176320560058993,-41.61288426465531,0.47871269046386533,0.5097875929841477,0.011499428160858582,2.88391120772746e-07,7.715755988229417e-15,happy,aggressive
33,dress,gravel,aggressive,611.3360507037485,87.44428046663317,-6.283090902290469,691,47,210.19038988498025,85.2,2.1,9.391485505499118,turchet_emotion_generated/dress/gravel/aggressive/dress_gravel_aggressive_0033.wav,17,0.6698262138471491,-6.283091139563807,-23.88744202794485,-30.84035837434625,-6.952917116137618,44100,10.0,-9.526071275371805,-10.316308668306506,-16.41644599641669,-25.12726917798886,-39.24857712509453,0.687401080599804,0.31189935121007045,0.0006994529254134252,1.1526462729357025e-07,8.48965284516691e-14,aggressive,aggressive
34,dress,gravel,aggressive,816.4603469292532,74.77316637969598,-10.33072982358286,691,47,210.19038988498025,85.2,2.1,9.391485505499118,turchet_emotion_generated/dress/gravel/aggressive/dress_gravel_aggressive_0034.wav,13,0.2466614726991834,-10.330730407736995,-23.780446173779342,-34.35783683749251,-10.577391296282045,44100,10.0,-10.220152633331818,-9.938036790163675,-10.08068018818382,-14.372953517080342,-21.510823975443426,0.28642361375151604,0.37977832418959656,0.32929181294738663,0.004502671999329368,3.5771121712241785e-06,happy,aggressive
35,dress,gravel,aggressive,490.9958694922774,81.16962042924683,-8.287457527904358,691,47,210.19038988498025,85.2,2.1,9.391485505499118,turchet_emotion_generated/dress/gravel/aggressive/dress_gravel_aggressive_0035.wav,20,1.2272684660909825,-8.287457394345424,-22.09043139501356,-31.60515774898307,-9.51472599399534,44100,10.0,-9.97049244973937,-10.029517861530937,-15.820334768693296,-29.031814641573842,-50.698018653054056,0.5139899923622104,0.484529532158936,0.0014804727703610638,2.7084923760360263e-09,1.0549084508837012e-18,aggressive,aggressive
36,dress,gravel,aggressive,704.3987110023069,86.11782397805445,-6.706811884812999,691,47,210.19038988498025,85.2,2.1,9.391485505499118,turchet_emotion_generated/dress/gravel/aggressive/dress_gravel_aggressive_0036.wav,14,0.7489728873100852,-6.706812315014069,-23.304548611707325,-30.76033333865423,-7.455784772123084,44100,10.0,-9.43250155175222,-10.192889937463189,-14.61448073400563,-20.896128038413394,-30.902532636478714,0.6788349129454855,0.3173450220569741,0.0038129332816255134,7.131394217167208e-06,3.216978392590063e-10,aggressive,aggressive
37,dress,gravel,aggressive,1049.170173216989,76.83975577956217,-9.67058205505696,691,47,210.19038988498025,85.2,2.1,9.391485505499118,turchet_emotion_generated/dress/gravel/aggressive/dress_gravel_aggressive_0037.wav,10,0.9018176297660808,-9.670581724792529,-24.86196430159802,-35.43436433862619,-10.572399684823042,44100,10.0,-11.273771587514078,-10.894275556489248,-9.749721837414011,-10.47056124593365,-11.291775180403327,0.09739771236579318,0.14235141506130425,0.4471313831525988,0.21745959538980184,0.095659894030502,neutral,aggressive
38,dress,gravel,aggressive,1072.913597242801,72.50031660428617,-11.056765052220213,691,47,210.19038988498025,85.2,2.1,9.391485505499118,turchet_emotion_generated/dress/gravel/aggressive/dress_gravel_aggressive_0038.wav,10,1.2506685232140866,-11.056765376581366,-24.77360278073952,-37.081036063529154,-12.3074335754343,44100,10.0,-11.990715364098442,-11.109230748890933,-9.075834747941911,-9.548964513811109,-10.399721491491448,0.026135002222518026,0.06310248258362545,0.48210219449996644,0.3003733940299787,0.12828692666391148,neutral,aggressive
39,dress,gravel,aggressive,488.3403847363923,82.8386522665611,-7.75430486435492,691,47,210.19038988498025,85.2,2.1,9.391485505499118,turchet_emotion_generated/dress/gravel/aggressive/dress_gravel_aggressive_0039.wav,21,1.1441866137755403,-7.754305506677218,-22.146762689099404,-31.045253619556817,-8.898491478130461,44100,10.0,-9.922117541052174,-10.12437163468598,-16.45285976832157,-29.643734269666325,-51.23008895026113,0.5499505627622255,0.44924764998038513,0.000801785760001308,1.4973879412398096e-09,6.316836108059439e-19,aggressive,aggressive
40,dress,gravel,aggressive,644.1958311167627,77.95373336759063,-9.31473496759369,691,47,210.19038988498025,85.2,2.1,9.391485505499118,turchet_emotion_generated/dress/gravel/aggressive/dress_gravel_aggressive_0040.wav,16,0.8989060969713546,-9.31473473334323,-23.392363999609604,-33.60600353406882,-10.213641064565044,44100,10.0,-9.7481529433455,-9.738946254718629,-12.480664097809296,-20.952324494654157,-34.85391097717818,0.48208603550563917,0.4865449459299648,0.03136245386157049,6.5646968020848075e-06,6.023270583773925e-12,happy,aggressive
41,dress,gravel,aggressive,845.4679067713125,68.27622274055017,-12.406102341170705,691,47,210.19038988498025,85.2,2.1,9.391485505499118,turchet_emotion_generated/dress/gravel/aggressive/dress_gravel_aggressive_0041.wav,12,0.3357417593098422,-12.406102448192964,-25.221732729589984,-37.96357686990926,-12.741844100480543,44100,10.0,-11.319393230968284,-10.31414716989342,-9.353340531412421,-12.82794020269919,-19.5009324193409,0.09011835959830011,0.24625558846223605,0.6436638466263929,0.019936992810541954,2.5212502529113996e-05,neutral,aggressive
42,dress,gravel,aggressive,912.7629955788803,77.51801845385833,-9.45391899129596,691,47,210.19038988498025,85.2,2.1,9.391485505499118,turchet_emotion_generated/dress/gravel/aggressive/dress_gravel_aggressive_0042.wav,11,0.6134115295768021,-9.453918614327076,-24.897724217696933,-34.96505402883855,-10.067330520872762,44100,10.0,-10.316807605004717,-10.234331329365068,-10.101883759768008,-12.597051435836278,-16.428978348619744,0.29152688248310266,0.3165902966570955,0.36142554820695205,0.02981132610433844,0.0006459465485114093,neutral,aggressive
43,dress,gravel,aggressive,954.074219364622,81.36156260626672,-8.226143848537822,691,47,210.19038988498025,85.2,2.1,9.391485505499118,turchet_emotion_generated/dress/gravel/aggressive/dress_gravel_aggressive_0043.wav,11,0.6780987430831131,-8.226143747648711,-25.180309309421133,-34.08455122247849,-8.904242591620935,44100,10.0,-10.292468952746237,-10.516944498430373,-11.065994548939074,-12.76596617308343,-15.030236572140645,0.42492320805644307,0.339486071615713,0.1960525762592733,0.03581659184268187,0.0037215522258890175,aggressive,aggressive
44,dress,gravel,aggressive,396.9317579012297,89.41785418024674,-5.652655904826665,691,47,210.19038988498025,85.2,2.1,9.391485505499118,turchet_emotion_generated/dress/gravel/aggressive/dress_gravel_aggressive_0044.wav,25,0.9362766604553208,-5.652655673942614,-21.407547593923404,-27.99647972796192,-6.588932565281986,44100,10.0,-10.505225910157394,-11.015132465765975,-21.28201714392277,-37.17853997824839,-63.39484669616576,0.6247764187337457,0.37521053687795725,1.3044386669015617e-05,1.6279891852071958e-12,6.699681731961642e-24,aggressive,aggressive
45,dress,gravel,aggressive,1159.7605135796505,84.70744492639032,-7.157340946750522,691,47,210.19038988498025,85.2,2.1,9.391485505499118,turchet_emotion_generated/dress/gravel/aggressive/dress_gravel_aggressive_0045.wav,9,0.7774297307991487,-7.157340848931418,-26.054953595777995,-33.98972520941537,-7.934770677549671,44100,10.0,-11.913900990755453,-11.961601438254933,-12.565208388342676,-12.013540777708037,-10.287828485193536,0.1181500297908721,0.1126465238323053,0.061599136845329514,0.10694508397403556,0.6006592255574575,sad,aggressive
46,dress,gravel,aggressive,714.4330620129672,81.44928404901525,-8.19812226152781,691,47,210.19038988498025,85.2,2.1,9.391485505499118,turchet_emotion_generated/dress/gravel/aggressive/dress_gravel_aggressive_0046.wav,14,0.7300208118566689,-8.198122432222917,-24.06755070072605,-32.99569289491497,-8.92814307338448,44100,10.0,-9.511658562553858,-9.875496638888022,-12.661505830916647,-19.092291733464123,-29.381435792917852,0.5753966875008779,0.3999028401201509,0.02466073803894251,3.9732989098985975e-05,1.3509296996527625e-09,aggressive,aggressive
47,dress,gravel,aggressive,506.7621885236943,78.14392850174548,-9.253979360599416,691,47,210.19038988498025,85.2,2.1,9.391485505499118,turchet_emotion_generated/dress/gravel/aggressive/dress_gravel_aggressive_0047.wav,20,0.5067410077507404,-9.253979443730229,-22.472046012108464,-32.23276584172953,-9.760720368350157,44100,10.0,-10.092090879736872,-9.900263367274622,-14.657619731632309,-27.45375836459559,-48.58523009017256,0.45007215848852355,0.5452451088494834,0.004682719684053041,1.2977940028964414e-08,8.628279362373623e-18,happy,aggressive
48,dress,gravel,aggressive,413.3981454528576,71.96709948199413,-11.22709501396476,691,47,210.19038988498025,85.2,2.1,9.391485505499118,turchet_emotion_generated/dress/gravel/aggressive/dress_gravel_aggressive_0048.wav,24,0.6679308737610419,-11.227094257815567,-21.98205421654261,-33.87707948179585,-11.895025887725804,44100,10.0,-11.290525061955012,-10.246470988167054,-15.41296116165643,-31.63106161888505,-59.1102115197308,0.2592745661880479,0.7365238918484334,0.004201541583349385,3.801693766036829e-10,4.425210776409628e-22,happy,aggressive
49,dress,gravel,aggressive,705.9104894495588,90.11264504303024,-5.430713104922434,691,47,210.19038988498025,85.2,2.1,9.391485505499118,turchet_emotion_generated/dress/gravel/aggressive/dress_gravel_aggressive_0049.wav,14,0.379732009331489,-5.430713021373875,-23.753278032136407,-29.56372414656959,-5.810445114253923,44100,10.0,-9.565024907478168,-10.636408404688241,-16.617187314710108,-22.33975225749043,-31.567899524868746,0.7443784569367619,0.2549751493724914,0.00064428582541675,2.107658283944802e-06,2.070459612688062e-10,aggressive,aggressive
50,dress,gravel,aggressive,790.5856450184664,87.53474391711535,-6.254193413039421,691,47,210.19038988498025,85.2,2.1,9.391485505499118,turchet_emotion_generated/dress/gravel/aggressive/dress_gravel_aggressive_0050.wav,13,0.3523371778465173,-6.254193388345635,-24.639835242114103,-31.24636640015285,-6.606530590885939,44100,10.0,-9.568833257850626,-10.453569539918528,-14.461928920196595,-18.534714259696035,-24.852868303127657,0.7040026860797397,0.2906285204187397,0.005278735124466266,8.989626988042894e-05,1.6210717398348758e-07,aggressive,aggressive
51,dress,gravel,aggressive,509.3661857790937,86.94036604982178,-6.444060458123675,691,47,210.19038988498025,85.2,2.1,9.391485505499118,turchet_emotion_generated/dress/gravel/aggressive/dress_gravel_aggressive_0051.wav,20,0.7284994302020614,-6.444060798886157,-22.311455570571745,-29.48401596265439,-7.172559888325737,44100,10.0,-9.8162332943262,-10.405325007065514,-17.807112397562413,-29.861521786475187,-49.565598582305185,0.6430167092143407,0.35676560499304516,0.00021768452594237429,1.2666717307942795e-09,3.509879888768288e-18,aggressive,aggressive
52,dress,gravel,aggressive,602.3877208478771,94.00503967020649,-4.187333250405139,691,47,210.19038988498025,85.2,2.1,9.391485505499118,turchet_emotion_generated/dress/gravel/aggressive/dress_gravel_aggressive_0052.wav,17,0.6617645625808268,-4.187333602899795,-23.301339747575835,-28.15043598563885,-4.849097812985966,44100,10.0,-9.954064800789551,-11.210730972293407,-20.298516924307826,-28.251411541354692,-41.55061621418991,0.7784321725104015,0.22154277591713223,2.504276634264567e-05,8.806108945636917e-09,1.4757502007080812e-14,aggressive,aggressive
53,dress,gravel,aggressive,949.5825401326084,96.9744923510044,-3.2387763860861223,691,47,210.19038988498025,85.2,2.1,9.391485505499118,turchet_emotion_generated/dress/gravel/aggressive/dress_gravel_aggressive_0053.wav,11,0.5090136282662334,-3.238776422157181,-24.80405023694475,-28.55184068126901,-3.747790014352356,44100,10.0,-10.968360815194298,-12.381175101292289,-19.38857010345138,-18.954026875015508,-18.44457855670509,0.803481175434784,0.19561324511050535,0.00017706196347121942,0.00027342926946481244,0.00045508822177474254,aggressive,aggressive
54,dress,gravel,aggressive,767.9813574839509,95.00242000372018,-3.86873178966828,691,47,210.19038988498025,85.2,2.1,9.391485505499118,turchet_emotion_generated/dress/gravel/aggressive/dress_gravel_aggressive_0054.wav,13,1.1294194227087229,-3.8687321466298,-24.41491010142739,-29.41306050605781,-4.998151212377002,44100,10.0,-10.037475663761873,-11.46061002172286,-19.028244522341065,-22.394137290418445,-28.088976556020462,0.8057456403471646,0.19415052340298075,0.00010035907758632891,3.4655167729003685e-06,1.1655495385580898e-08,aggressive,aggressive
55,dress,gravel,aggressive,551.8034260732762,84.27708457202417,-7.294814519205326,691,47,210.19038988498025,85.2,2.1,9.391485505499118,turchet_emotion_generated/dress/gravel/aggressive/dress_gravel_aggressive_0055.wav,18,0.7861414943270574,-7.294814697329789,-23.211212673583567,-31.29216958950665,-8.080956013532385,44100,10.0,-9.649804123655528,-10.096301597297044,-15.907571421883205,-26.818146234308756,-44.576668572284284,0.6090946617965811,0.3897385852240624,0.0011667316700870653,2.130926897130118e-08,4.1318095305808543e-16,aggressive,aggressive
56,dress,gravel,aggressive,646.6792424251448,76.71942569683353,-9.709020090016878,691,47,210.19038988498025,85.2,2.1,9.391485505499118,turchet_emotion_generated/dress/gravel/aggressive/dress_gravel_aggressive_0056.wav,16,0.2236255648867998,-9.709020615601377,-23.701185015323283,-33.63383126086826,-9.93264565490368,44100,10.0,-9.855635815322099,-9.727740578194185,-12.163658477637611,-20.591654659939337,-34.51585675208703,0.44724451183862,0.5082638429007438,0.04448191887089978,9.726381011781443e-06,8.724632541306127e-12,happy,aggressive
57,dress,gravel,aggressive,475.71062803682014,76.88888690775784,-9.654887691848852,691,47,210.19038988498025,85.2,2.1,9.391485505499118,turchet_emotion_generated/dress/gravel/aggressive/dress_gravel_aggressive_0057.wav,21,0.6415314762173208,-9.654887849950592,-22.19734463414288,-32.49376416920044,-10.296419168066173,44100,10.0,-10.341826776166098,-9.961678418681712,-14.934292083953999,-28.856844621566047,-51.96579053002789,0.40442776989802487,0.5914762388791489,0.004095987542630652,3.6801954667498527e-09,3.3867504359925355e-19,happy,aggressive
58,dress,gravel,aggressive,594.8156473756408,67.14042503851171,-12.76891960837728,691,47,210.19038988498025,85.2,2.1,9.391485505499118,turchet_emotion_generated/dress/gravel/aggressive/dress_gravel_aggressive_0058.wav,17,0.8196691292432712,-12.768919290138204,-23.286032091827234,-36.87462027426,-13.588588737620553,44100,10.0,-11.379308814013312,-10.157317855168973,-11.999019254373378,-21.639709242157153,-38.90887878537612,0.20275448366855892,0.68813618789554,0.10910223371700739,7.094718669308439e-06,2.244037650012682e-13,happy,aggressive
59,dress,gravel,aggressive,1120.661454301825,87.11319724418242,-6.388851558234695,691,47,210.19038988498025,85.2,2.1,9.391485505499118,turchet_emotion_generated/dress/gravel/aggressive/dress_gravel_aggressive_0059.wav,9,0.6181446935884423,-6.388851842506302,-26.60536274853768,-33.61235924854865,-7.0069962518231375,44100,10.0,-11.535726508922297,-11.894716081645498,-13.487289931588489,-12.905686626465716,-11.204501626805804,0.28676108798414346,0.2002686770598401,0.04073493183439016,0.07287089439803175,0.3993644087235945,sad,aggressive
60,dress,gravel,aggressive,700.9652274987075,91.02747547257952,-5.138481243728501,691,47,210.19038988498025,85.2,2.1,9.391485505499118,turchet_emotion_generated/dress/gravel/aggressive/dress_gravel_aggressive_0060.wav,15,1.0063652504367306,-5.138480989981629,-23.50822486275168,-29.65307155099793,-6.144846494165232,44100,10.0,-9.61933216770166,-10.755226627392114,-17.19163525965702,-22.899497784329213,-32.164855555286934,0.7566294176215395,0.2429799994327917,0.00038929047207424605,1.2923512776568913e-06,1.2231700081434243e-10,aggressive,aggressive
61,dress,gravel,aggressive,658.412036726907,89.79832972287046,-5.531117450957698,691,47,210.19038988498025,85.2,2.1,9.391485505499118,turchet_emotion_generated/dress/gravel/aggressive/dress_gravel_aggressive_0061.wav,15,0.4825550497829478,-5.531117788174416,-23.518331795707574,-29.532004350476488,-6.013672500740646,44100,10.0,-9.557580572944044,-10.575549843331808,-17.004120014118477,-24.040011568257327,-35.45761593457077,0.7342618720477478,0.2653093406774071,0.0004284103837394313,3.768869599645326e-07,4.145801826761211e-12,aggressive,aggressive
62,dress,gravel,aggressive,792.4959779353879,92.12199776759988,-4.78884892164927,691,47,210.19038988498025,85.2,2.1,9.391485505499118,turchet_emotion_generated/dress/gravel/aggressive/dress_gravel_aggressive_0062.wav,13,0.715964074955546,-4.788849277517981,-24.34249532839162,-29.847307905865744,-5.504812996604816,44100,10.0,-9.813900709478586,-11.039727676950465,-16.96590684606748,-20.32051861804816,-25.702747314866436,0.7726030959393673,0.2267704993367179,0.0006051731405327654,2.1134416550757295e-05,9.716683115519483e-08,aggressive,aggressive
63,dress,gravel,aggressive,910.0780663467204,86.61085922505639,-6.54931755229875,691,47,210.19038988498025,85.2,2.1,9.391485505499118,turchet_emotion_generated/dress/gravel/aggressive/dress_gravel_aggressive_0063.wav,11,0.5058648108673162,-6.5493176174096055,-25.85593727158,-32.911120074905924,-7.055182363166066,44100,10.0,-9.980156333645903,-10.710841282294753,-13.30505944465007,-15.213984870105,-17.826574261998708,0.6564784522274709,0.31614624980460015,0.023617471596231593,0.0035010444369880057,0.00025678193470933807,aggressive,aggressive
64,dress,gravel,aggressive,822.02753951862,89.53838520156472,-5.6141536823888805,691,47,210.19038988498025,85.2,2.1,9.391485505499118,turchet_emotion_generated/dress/gravel/aggressive/dress_gravel_aggressive_0064.wav,13,0.5101394636304282,-5.614154020211593,-24.28798634318405,-30.412279712367518,-6.124293146019308,44100,10.0,-9.726691128009351,-10.75505651604642,-15.26037057396556,-18.402369168299973,-23.238042177581473,0.7343683429153512,0.2626035142468338,0.0029018001516754955,0.00012534726068271626,9.954254569765786e-07,aggressive,aggressive
65,dress,gravel,aggressive,746.2792428765836,98.52461737372796,-2.743607111167085,691,47,210.19038988498025,85.2,2.1,9.391485505499118,turchet_emotion_generated/dress/gravel/aggressive/dress_gravel_aggressive_0065.wav,14,0.5230590315028116,-2.743607048071228,-23.902851106940524,-27.16951903075333,-3.266666142669897,44100,10.0,-10.466771105192247,-12.104945064753082,-21.78553783822491,-24.890524435383345,-30.62674050309694,0.8372774191479921,0.16271195667810973,1.0166967718316927e-05,4.5573554129148744e-07,1.4706384412139002e-09,aggressive,aggressive
66,dress,gravel,aggressive,612.8913846819651,89.98490645465607,-5.471517700201646,691,47,210.19038988498025,85.2,2.1,9.391485505499118,turchet_emotion_generated/dress/gravel/aggressive/dress_gravel_aggressive_0066.wav,17,1.241225051825254,-5.471517220380868,-23.14338287288109,-29.856125735770856,-6.712742752026901,44100,10.0,-9.624532985088091,-10.611079707580888,-17.717426026929076,-26.035555434562276,-39.61643067965338,0.7282430938642254,0.27153422493131324,0.0002226268718683131,5.4332524259102556e-08,6.870062755922186e-14,aggressive,aggressive
67,dress,gravel,aggressive,631.4348076161508,85.13917898625465,-7.019428560170723,691,47,210.19038988498025,85.2,2.1,9.391485505499118,turchet_emotion_generated/dress/gravel/aggressive/dress_gravel_aggressive_0067.wav,16,0.3108145036529783,-7.019428625771456,-23.269372713438443,-30.599615107165903,-7.330243063823701,44100,10.0,-9.465869310133659,-10.091349788733151,-15.078967573376653,-23.45631854631202,-36.971895489087004,0.6499183183547372,0.34770910057910404,0.002372035453470128,5.456119521428941e-07,7.364502083883578e-13,aggressive,aggressive
68,dress,gravel,aggressive,1195.7408411267193,87.96893150453946,-6.11549727582986,691,47,210.19038988498025,85.2,2.1,9.391485505499118,turchet_emotion_generated/dress/gravel/aggressive/dress_gravel_aggressive_0068.wav,9,0.7342408225392427,-6.1154971865534025,-25.857239746932965,-32.70697780422386,-6.849738098369103,44100,10.0,-12.352400507748579,-12.548593759402326,-14.258804174636914,-13.190382204673774,-10.629021674964784,0.12489883852095844,0.10264853444539675,0.018561702467539052,0.0540290800409333,0.6998618445251725,sad,aggressive
69,dress,gravel,aggressive,879.1335946708977,83.1316970255804,-7.66069514983818,691,47,210.19038988498025,85.2,2.1,9.391485505499118,turchet_emotion_generated/dress/gravel/aggressive/dress_gravel_aggressive_0069.wav,12,0.4350103763451263,-7.660695283439972,-24.491245512899404,-32.58695118796291,-8.095705526183306,44100,10.0,-9.850513980851735,-10.321145831249659,-11.97186230281745,-14.747076886052074,-18.81218657716267,0.5707508994190004,0.3564952838966044,0.0684158511197587,0.004264777266699804,7.31882979366679e-05,aggressive,aggressive
70,dress,gravel,aggressive,802.6381953579859,82.39549402396598,-7.89586657224521,691,47,210.19038988498025,85.2,2.1,9.391485505499118,turchet_emotion_generated/dress/gravel/aggressive/dress_gravel_aggressive_0070.wav,13,0.803976832194643,-7.895866823775394,-24.644348744293737,-33.34419147354708,-8.699843404439854,44100,10.0,-9.611330859112345,-10.063244343398631,-12.182597594398917,-16.50284825862758,-23.20357722330677,0.5834763566648417,0.3713297369672351,0.044600148818784026,0.000593028115697999,7.294334411645263e-07,aggressive,aggressive
71,dress,gravel,aggressive,435.0388728279741,63.55388755987419,-13.914596980675022,691,47,210.19038988498025,85.2,2.1,9.391485505499118,turchet_emotion_generated/dress/gravel/aggressive/dress_gravel_aggressive_0071.wav,23,1.1349119055709471,-13.914596687092171,-21.957076451455503,-37.00658399694768,-15.049508886245968,44100,10.0,-12.823364985422618,-10.859896251526415,-15.080064997012997,-29.83783530807435,-56.40930732902125,0.1215260125805271,0.8657507668748713,0.012723215585777698,4.958823775068917e-09,1.4306552734238514e-20,happy,aggressive
72,dress,gravel,aggressive,985.8891726350448,90.23094919356376,-5.392922230263385,691,47,210.19038988498025,85.2,2.1,9.391485505499118,turchet_emotion_generated/dress/gravel/aggressive/dress_gravel_aggressive_0072.wav,10,0.9370482198734896,-5.392921488236025,-24.83746134196272,-31.16743248132244,-6.329970450136875,44100,10.0,-10.553329034654947,-11.454540316249364,-14.96628866112128,-15.28539573585638,-15.343469826267981,0.6967105537737824,0.28291847121533253,0.008443614064837214,0.006136799480150126,0.005790561465897713,aggressive,aggressive
73,dress,gravel,aggressive,799.5797308133946,78.10213627872956,-9.267329396541475,691,47,210.19038988498025,85.2,2.1,9.391485505499118,turchet_emotion_generated/dress/gravel/aggressive/dress_gravel_aggressive_0073.wav,13,0.7234516377083537,-9.267329747696836,-24.29814247575925,-34.28892306307392,-9.99078103424983,44100,10.0,-9.844719733343004,-9.900326804110515,-10.89740921675582,-15.50156991732562,-22.876769439356075,0.43508446401916556,0.41155106682661646,0.15184354765013294,0.0015199690889229256,9.524151620787737e-07,aggressive,aggressive
74,dress,gravel,aggressive,689.7765323604767,97.85785709883028,-2.9565958682196083,691,47,210.19038988498025,85.2,2.1,9.391485505499118,turchet_emotion_generated/dress/gravel/aggressive/dress_gravel_aggressive_0074.wav,15,0.5829310197373468,-2.956595912184991,-23.600104170060376,-27.13963074597909,-3.539526887956955,44100,10.0,-10.33399550329359,-11.913003546767998,-21.8737793619761,-26.54802587794336,-34.82647348792311,0.8290572331389642,0.17093462065554463,8.070864581684771e-06,7.532178292429656e-08,1.9126542763610196e-11,aggressive,aggressive
75,dress,gravel,aggressive,569.1635377699649,87.26429654610723,-6.340584656740886,691,47,210.19038988498025,85.2,2.1,9.391485505499118,turchet_emotion_generated/dress/gravel/aggressive/dress_gravel_aggressive_0075.wav,18,0.81675725761835,-6.340584720802608,-22.76247963631274,-29.91982074755095,-7.157341914359236,44100,10.0,-9.617847396259403,-10.33700669044575,-16.96089050468609,-26.994191680396266,-43.325957290596286,0.6721293982245241,0.3274356622665763,0.0004349204102576572,1.9098640465369545e-08,1.5424346358842721e-15,aggressive,aggressive
76,dress,gravel,aggressive,478.5342742795093,86.91062750216449,-6.453560088711363,691,47,210.19038988498025,85.2,2.1,9.391485505499118,turchet_emotion_generated/dress/gravel/aggressive/dress_gravel_aggressive_0076.wav,21,0.9103104794147509,-6.453559702836075,-22.517185866406816,-29.88105636868873,-7.363870568126114,44100,10.0,-9.953166694996119,-10.475253042244306,-18.3577890547188,-31.50115550748389,-53.02415103379315,0.627547334085488,0.372312201528169,0.00014046411125345808,2.750893971611221e-10,1.2363905029988913e-19,aggressive,aggressive
77,dress,gravel,aggressive,463.69675210052856,80.48987619941909,-8.504593857219799,691,47,210.19038988498025,85.2,2.1,9.391485505499118,turchet_emotion_generated/dress/gravel/aggressive/dress_gravel_aggressive_0077.wav,22,0.8290869172767333,-8.50459357098909,-22.224812192689697,-31.55849454995628,-9.333680774496532,44100,10.0,-10.13619136997559,-10.072329754628445,-16.11884851386605,-30.3505938679271,-53.74818966354264,0.48344982160481925,0.5153308611785727,0.0012193164124377992,8.041701425840359e-10,5.544995533251898e-20,happy,aggressive
78,dress,gravel,aggressive,616.5963988260861,93.37862922499248,-4.387432727164347,691,47,210.19038988498025,85.2,2.1,9.391485505499118,turchet_emotion_generated/dress/gravel/aggressive/dress_gravel_aggressive_0078.wav,16,1.0165049308774976,-4.387432404863977,-23.23033708524823,-28.634274238190542,-5.403937658041844,44100,10.0,-9.867540767249793,-11.099162823014854,-19.68931713942053,-27.333283036970066,-40.051313526959525,0.7740698189284547,0.22588816215991858,4.199879727932472e-05,2.011428709072169e-08,6.027457849881903e-14,aggressive,aggressive
79,dress,gravel,aggressive,774.622558271948,79.11670509776502,-8.943237275510764,691,47,210.19038988498025,85.2,2.1,9.391485505499118,turchet_emotion_generated/dress/gravel/aggressive/dress_gravel_aggressive_0079.wav,13,0.0891262913299178,-8.94323724964858,-24.43592417186661,-33.46828814525544,-9.032363566840685,44100,10.0,-9.714620685804507,-9.871769902939668,-11.368092423093326,-16.48394973190022,-24.660197298661604,0.4884936212538897,0.41745518467782416,0.09349001847207478,0.000561017806949483,1.5778926211810025e-07,aggressive,aggressive
80,dress,gravel,aggressive,660.1285096999188,84.64784451371469,-7.1763796002119165,691,47,210.19038988498025,85.2,2.1,9.391485505499118,turchet_emotion_generated/dress/gravel/aggressive/dress_gravel_aggressive_0080.wav,15,0.2753391108373467,-7.176379698266878,-24.060366564271533,-31.512085571846743,-7.451718711049263,44100,10.0,-9.438208583427395,-10.048827486651476,-14.496198792329945,-22.109108025955614,-34.33867322086164,0.645421058418989,0.35047311693224664,0.004103797229617481,2.0274092450668883e-06,9.901676706318514e-12,aggressive,aggressive
81,dress,gravel,aggressive,680.9364108553666,76.71432335047865,-9.7106499747732,691,47,210.19038988498025,85.2,2.1,9.391485505499118,turchet_emotion_generated/dress/gravel/aggressive/dress_gravel_aggressive_0081.wav,15,1.067456009798786,-9.710650709209444,-24.174609648749584,-34.952714775745605,-10.778105984571988,44100,10.0,-9.835041752830708,-9.733228351455002,-11.736492741866059,-19.222564757417956,-31.56446382998839,0.44314212419191923,0.49063670328039577,0.066184053594048,3.71187716145974e-05,1.6202235191280052e-10,happy,aggressive
82,dress,gravel,aggressive,854.7025436148766,87.35977592149338,-6.310084889053366,691,47,210.19038988498025,85.2,2.1,9.391485505499118,turchet_emotion_generated/dress/gravel/aggressive/dress_gravel_aggressive_0082.wav,12,0.245871375100079,-6.310084839150191,-25.596975067364976,-32.15292980255529,-6.555956264153445,44100,10.0,-9.755425723255085,-10.596968451932137,-13.931652719092812,-16.72505853278578,-20.868089332894403,0.6909148852268457,0.2978154237670842,0.010609922456990212,0.0006494586108234029,1.0309938256351526e-05,aggressive,aggressive
83,dress,gravel,aggressive,723.2266410691669,80.56415321108791,-8.480866936183078,691,47,210.19038988498025,85.2,2.1,9.391485505499118,turchet_emotion_generated/dress/gravel/aggressive/dress_gravel_aggressive_0083.wav,14,1.2049679707501029,-8.480867257194113,-24.422406061374776,-34.10823994732904,-9.68583490693318,44100,10.0,-9.559279473803082,-9.845560523705906,-12.281973999514374,-18.54479019964741,-28.5839454424103,0.5503958355881576,0.4133756197448696,0.03615962607860554,6.891557974482332e-05,3.0086224307332437e-09,aggressive,aggressive
84,dress,gravel,aggressive,829.6856583418496,70.78268797588402,-11.605441391249776,691,47,210.19038988498025,85.2,2.1,9.391485505499118,turchet_emotion_generated/dress/gravel/aggressive/dress_gravel_aggressive_0084.wav,12,0.3996342067070657,-11.60544197468936,-24.91935605857385,-36.92443106580149,-12.005075597956845,44100,10.0,-10.821707063304471,-10.108082645721447,-9.533281924113245,-13.460428450172758,-20.490024660366423,0.14836877975710486,0.3028765652776726,0.5381439388970625,0.01060133082469613,9.38524346401318e-06,neutral,aggressive
85,dress,gravel,aggressive,1085.05511946651,76.47066947644599,-9.788482349818658,691,47,210.19038988498025,85.2,2.1,9.391485505499118,turchet_emotion_generated/dress/gravel/aggressive/dress_gravel_aggressive_0085.wav,10,0.9713485969846531,-9.78848220418678,-25.511389155642146,-36.271219032652354,-10.75983094680331,44100,10.0,-11.61502384296135,-11.114259349017562,-9.725865934229564,-10.12206782817574,-10.401404014746774,0.05854918913835501,0.09660511932002366,0.38723244648570126,0.2605574190928768,0.19705582596304325,neutral,aggressive
86,dress,gravel,aggressive,472.87904153443776,83.20508847319516,-7.637251111861931,691,47,210.19038988498025,85.2,2.1,9.391485505499118,turchet_emotion_generated/dress/gravel/aggressive/dress_gravel_aggressive_0086.wav,21,1.2923054490028183,-7.637250733106734,-22.09028897581536,-31.019846167223044,-8.92955656086475,44100,10.0,-9.986696982211322,-10.18692266248047,-16.88085460054353,-30.5964852686637,-53.053505792739266,0.5495835081356505,0.44985938365147204,0.0005571075972522881,6.156251674465726e-10,1.0873172357791066e-19,aggressive,aggressive
87,dress,gravel,aggressive,487.5403363266964,73.4988316934876,-10.737801107075402,691,47,210.19038988498025,85.2,2.1,9.391485505499118,turchet_emotion_generated/dress/gravel/aggressive/dress_gravel_aggressive_0087.wav,21,0.648128280752869,-10.737801297222568,-22.243251310561483,-33.62918063599764,-11.385929387828272,44100,10.0,-10.670360342015865,-9.97019327151125,-14.116348604333634,-27.615930331283025,-50.361247436873256,0.32830345461797505,0.6612324338174153,0.010464097212758863,1.4351850891822587e-08,1.899950146706989e-18,happy,aggressive
88,dress,gravel,aggressive,847.1727811886662,91.33770476075104,-5.039382132733795,691,47,210.19038988498025,85.2,2.1,9.391485505499118,turchet_emotion_generated/dress/gravel/aggressive/dress_gravel_aggressive_0088.wav,12,0.2072088211955119,-5.039381438262764,-24.887869633646854,-30.134460295169724,-5.246590953929307,44100,10.0,-9.915280258986144,-11.061670038233865,-16.11249318577917,-18.48141967938603,-22.12826504301335,0.757568600448872,0.24074163769537588,0.0015417238417339443,0.00014427626283262156,3.761751185815969e-06,aggressive,aggressive
89,dress,gravel,aggressive,692.3156061297283,81.68567102390813,-8.122611212262667,691,47,210.19038988498025,85.2,2.1,9.391485505499118,turchet_emotion_generated/dress/gravel/aggressive/dress_gravel_aggressive_0089.wav,15,1.1894867368304125,-8.122610966473182,-23.881836850833817,-33.19393575101875,-9.31209794909308,44100,10.0,-9.495728093222104,-9.870482307654912,-12.986294518267485,-19.97036658350734,-31.183480063793144,0.5820823176267171,0.4001572770760865,0.017743964889939796,1.644018537881209e-05,2.2187757001446599e-10,aggressive,aggressive
90,dress,gravel,aggressive,825.14509718669,79.24538846034079,-8.90213088318324,691,47,210.19038988498025,85.2,2.1,9.391485505499118,turchet_emotion_generated/dress/gravel/aggressive/dress_gravel_aggressive_0090.wav,12,0.8509304363314869,-8.902131197225895,-24.31235190916297,-34.06541347764427,-9.753061319514726,44100,10.0,-9.830354396170732,-9.985451863206427,-11.013493654385071,-15.046850175189697,-21.383539944735112,0.4612369014404272,0.3949717842039639,0.14128406919391195,0.002502814798673017,4.430363023918806e-06,aggressive,aggressive
91,dress,gravel,aggressive,535.1605918075318,93.82866341555668,-4.243674578264252,691,47,210.19038988498025,85.2,2.1,9.391485505499118,turchet_emotion_generated/dress/gravel/aggressive/dress_gravel_aggressive_0091.wav,19,0.9408696820164056,-4.243674917173213,-22.99979110057292,-28.184334722492597,-5.184544260280657,44100,10.0,-10.122620148059376,-11.265688769504335,-21.2406076972061,-31.365285612591357,-48.283172713761786,0.758234062097291,0.24175468304384687,1.1254407805618883e-05,4.5105645066336225e-10,2.027149994970699e-17,aggressive,aggressive
92,dress,gravel,aggressive,498.9070534952565,77.01723829546225,-9.613887345004066,691,47,210.19038988498025,85.2,2.1,9.391485505499118,turchet_emotion_generated/dress/gravel/aggressive/dress_gravel_aggressive_0092.wav,20,1.1298858233518438,-9.61388759412684,-22.35829867033797,-33.1020725792484,-10.74377316835591,44100,10.0,-10.2228788400541,-9.905223287758549,-14.532357233516333,-27.629007735595597,-49.347530673701925,0.41887561980850524,0.5754944463873447,0.005629922251028215,1.1553121823287467e-08,4.2703619395853234e-18,happy,aggressive
93,dress,gravel,aggressive,800.2315063898274,82.28641766959947,-7.930709735545405,691,47,210.19038988498025,85.2,2.1,9.391485505499118,turchet_emotion_generated/dress/gravel/aggressive/dress_gravel_aggressive_0093.wav,13,0.5786329584819905,-7.930710055686684,-24.90319825772587,-33.412540270597084,-8.509342694027396,44100,10.0,-9.608850722855625,-10.051809712857512,-12.16199172497275,-16.541252681182645,-23.344269485327278,0.5810753943696771,0.3731280002509758,0.04522904698604181,0.0005669288640599201,6.295292453597394e-07,aggressive,aggressive
94,dress,gravel,aggressive,482.1695681527525,83.6763148394948,-7.486723370742475,691,47,210.19038988498025,85.2,2.1,9.391485505499118,turchet_emotion_generated/dress/gravel/aggressive/dress_gravel_aggressive_0094.wav,21,1.0853239208535617,-7.486723700682976,-22.647231257864195,-31.2192790245674,-8.572047291596038,44100,10.0,-9.93240618402901,-10.194050493834274,-16.88738586620589,-30.229838268007285,-52.05802332696025,0.5647360762734721,0.43472523618523096,0.000538686676761642,8.6453540045757e-10,2.8636666390521617e-19,aggressive,aggressive
95,dress,gravel,aggressive,635.5893070131592,78.34932429133715,-9.188368082339524,691,47,210.19038988498025,85.2,2.1,9.391485505499118,turchet_emotion_generated/dress/gravel/aggressive/dress_gravel_aggressive_0095.wav,16,0.7455354858504144,-9.188367489980903,-23.09001729353706,-33.023920713939134,-9.93390356818994,44100,10.0,-9.726495465868503,-9.747172014735442,-12.694251620542108,-21.400108619154445,-35.667621382788695,0.4923773057587587,0.4823011711562713,0.02531733020405749,4.192878244259375e-06,2.668149668819947e-12,aggressive,aggressive
96,dress,gravel,aggressive,745.8173087912481,91.50314517037432,-4.986534132427651,691,47,210.19038988498025,85.2,2.1,9.391485505499118,turchet_emotion_generated/dress/gravel/aggressive/dress_gravel_aggressive_0096.wav,14,0.8529599072700775,-4.9865338619213135,-23.763613457601306,-29.603107360871757,-5.839494039697728,44100,10.0,-9.684926889575005,-10.868986266867108,-17.004998921747184,-21.5237198139547,-28.821423065942735,0.7652846993518245,0.2342030662023977,0.0005067061082735031,5.524596843347584e-06,3.740660881898448e-09,aggressive,aggressive
97,dress,gravel,aggressive,906.308760725868,73.18100066860966,-10.83932850378762,691,47,210.19038988498025,85.2,2.1,9.391485505499118,turchet_emotion_generated/dress/gravel/aggressive/dress_gravel_aggressive_0097.wav,11,0.3494702031325797,-10.839328420528588,-25.86108798460797,-37.049887049945546,-11.1887987069202,44100,10.0,-10.76925541216658,-10.252783938179808,-9.347296131276327,-11.954924355441989,-16.410229701660114,0.1402440294115632,0.23506344265241919,0.58134434246404,0.04285040211215236,0.0004977833598252987,neutral,aggressive
98,dress,gravel,aggressive,712.5691666971579,85.87147899023023,-6.785503904626042,691,47,210.19038988498025,85.2,2.1,9.391485505499118,turchet_emotion_generated/dress/gravel/aggressive/dress_gravel_aggressive_0098.wav,14,0.7865775152770378,-6.785503793677602,-24.067778111127648,-31.63985972568449,-7.57208141990308,44100,10.0,-9.433515471716044,-10.177287673510603,-14.414302141494893,-20.514664136170218,-30.21152553266639,0.6746720582462444,0.3206834602231182,0.004634091000558705,1.038989134813897e-05,6.387304338906997e-10,aggressive,aggressive
99,dress,gravel,aggressive,509.3055376359393,85.47643690796504,-6.911695468900047,691,47,210.19038988498025,85.2,2.1,9.391485505499118,turchet_emotion_generated/dress/gravel/aggressive/dress_gravel_aggressive_0099.wav,20,1.548535947853732,-6.911695536091632,-22.101379139169637,-30.561610649450948,-8.460231416753778,44100,10.0,-9.799745391525109,-10.269738018970955,-17.139399492528014,-29.358453885869935,-49.31063760505815,0.6151362311600304,0.3844643742518616,0.0003993926169015335,1.971206557443521e-09,4.261954844598393e-18,aggressive,aggressive
100,dress,gravel,aggressive,769.9940780458163,97.350514690179,-3.118660455878568,691,47,210.19038988498025,85.2,2.1,9.391485505499118,turchet_emotion_generated/dress/gravel/aggressive/dress_gravel_aggressive_0100.wav,13,0.8148541189196519,-3.118660161735769,-24.447064707661426,-28.38057981147624,-3.93351457479822,44100,10.0,-10.333248352587155,-11.902993074769416,-20.68035259927022,-23.50388897398027,-28.589144652881817,0.8277239162576957,0.17224793856502355,2.6557991396356234e-05,1.577425869445167e-06,9.760014850406205e-09,aggressive,aggressive
101,dress,gravel,aggressive,419.115713155948,98.97020129437196,-2.601270548846963,691,47,210.19038988498025,85.2,2.1,9.391485505499118,turchet_emotion_generated/dress/gravel/aggressive/dress_gravel_aggressive_0101.wav,24,0.6862208415056316,-2.6012704826436344,-21.636493205735423,-24.923985269861607,-3.2874913903525944,44100,10.0,-11.337218469229214,-12.540923899937935,-27.119544607334834,-40.319138845793404,-63.03641638464265,0.7691832202699305,0.23081667211986623,1.0761000415389306e-07,1.9922402360775197e-13,2.7123980785228e-23,aggressive,aggressive
102,dress,gravel,aggressive,632.1792454253841,82.29013599117312,-7.929521961288138,691,47,210.19038988498025,85.2,2.1,9.391485505499118,turchet_emotion_generated/dress/gravel/aggressive/dress_gravel_aggressive_0102.wav,16,0.5914743378894299,-7.929521936961147,-23.78780073905029,-32.30879767534114,-8.520996299177568,44100,10.0,-9.51285154695187,-9.894142007132658,-13.948551626181446,-22.54910130758502,-36.46206941877237,0.5900302244903216,0.402978537359724,0.006989951965318851,1.286183468793356e-06,1.1667495599200423e-12,aggressive,aggressive
103,dress,gravel,aggressive,596.3757599874994,57.8908439755869,-15.723589896962228,691,47,210.19038988498025,85.2,2.1,9.391485505499118,turchet_emotion_generated/dress/gravel/aggressive/dress_gravel_aggressive_0103.wav,17,1.144567815482196,-15.723589705242125,-23.348980972250345,-40.21714014038871,-16.868157712444425,44100,10.0,-13.75486134953157,-11.369829505086779,-13.34080201754529,-21.7522229807646,-39.17634074478984,0.07477926072395105,0.8120585373793375,0.11313704997613923,2.5151919890742335e-05,6.813542107298403e-13,happy,aggressive
104,dress,gravel,aggressive,432.7115666888996,93.38506397163154,-4.385377222749639,691,47,210.19038988498025,85.2,2.1,9.391485505499118,turchet_emotion_generated/dress/gravel/aggressive/dress_gravel_aggressive_0104.wav,23,1.0912224200723075,-4.385376980697645,-21.780779119466533,-27.257379045741395,-5.476599642821947,44100,10.0,-10.560498695399758,-11.450981713250554,-22.866504787083787,-36.726792581105464,-59.84168922413201,0.7089875661324241,0.2910092260586301,3.2078058785090147e-06,3.067337558170987e-12,2.8060119133553424e-22,aggressive,aggressive
105,dress,gravel,aggressive,632.1550211891489,91.15460189799047,-5.097872196734862,691,47,210.19038988498025,85.2,2.1,9.391485505499118,turchet_emotion_generated/dress/gravel/aggressive/dress_gravel_aggressive_0105.wav,16,1.3965410599461787,-5.097872029943559,-23.81441559917161,-30.30882958470334,-6.494413256681041,44100,10.0,-9.665888200103826,-10.759010449303116,-18.11480959119791,-25.685848517096996,-38.09157994713969,0.7488490448437536,0.2509905205638902,0.00016035198557648323,8.260644151350211e-08,3.3827757620502405e-13,aggressive,aggressive
106,dress,gravel,aggressive,688.0557993297243,84.56828790471178,-7.201793026753327,691,47,210.19038988498025,85.2,2.1,9.391485505499118,turchet_emotion_generated/dress/gravel/aggressive/dress_gravel_aggressive_0106.wav,15,0.5806776597840306,-7.201793344487553,-23.558079159551617,-31.34054953660618,-7.782470686537358,44100,10.0,-9.428054634553437,-10.05141056127976,-14.125703616068908,-20.99125175330382,-31.964303264877817,0.6471367874168146,0.3469573158781141,0.005899742515948465,6.15408353152939e-06,1.0559118545647987e-10,aggressive,aggressive
107,dress,gravel,aggressive,804.703634735672,74.86771684328303,-10.300526785885037,691,47,210.19038988498025,85.2,2.1,9.391485505499118,turchet_emotion_generated/dress/gravel/aggressive/dress_gravel_aggressive_0107.wav,13,0.6224328907127953,-10.300526455984231,-23.973429997071847,-34.89639034796589,-10.922959676597833,44100,10.0,-10.177203850398136,-9.909088826357003,-10.182880405538334,-14.720495745148583,-22.263983534985577,0.3018885228403596,0.3947184964441816,0.3001796907228123,0.003211589303730129,1.7006889164730686e-06,happy,aggressive
108,dress,gravel,aggressive,777.4194588856451,87.9240824748199,-6.129823772855265,691,47,210.19038988498025,85.2,2.1,9.391485505499118,turchet_emotion_generated/dress/gravel/aggressive/dress_gravel_aggressive_0108.wav,13,0.4199605242750438,-6.129823644791924,-25.03351234826972,-31.58329693711277,-6.549784297130309,44100,10.0,-9.552282858888296,-10.469624991058705,-14.763861145722153,-19.07768569362515,-25.81797896298047,0.7116901893671898,0.28437692452789715,0.0038808895879073836,5.1935114100741804e-05,6.140290478865028e-08,aggressive,aggressive
109,dress,gravel,aggressive,438.1028101575697,69.7973519519128,-11.92019543843249,691,47,210.19038988498025,85.2,2.1,9.391485505499118,turchet_emotion_generated/dress/gravel/aggressive/dress_gravel_aggressive_0109.wav,23,0.500509982092258,-11.920195157510369,-22.30343525040887,-34.72413975933027,-12.420705420524747,44100,10.0,-11.494423996356465,-10.276185399643449,-14.759131174437776,-29.93684190563799,-56.00108709351571,0.22627327242853573,0.7650812486447983,0.00864547671258794,2.2140780520691614e-09,1.0608037999439028e-20,happy,aggressive
110,dress,gravel,aggressive,581.9072350746948,96.04469334320898,-3.535789784206469,691,47,210.19038988498025,85.2,2.1,9.391485505499118,turchet_emotion_generated/dress/gravel/aggressive/dress_gravel_aggressive_0110.wav,18,0.9529957754975128,-3.535789714178055,-23.11947699026684,-27.60826294837601,-4.488785559703982,44100,10.0,-10.227093013971876,-11.58831233257585,-21.99460723634885,-30.169556671607083,-44.075799231104774,0.7959528846257962,0.20404094312918714,6.170507272666912e-06,1.7377425646260627e-09,1.5870149990861664e-15,aggressive,aggressive
111,dress,gravel,aggressive,622.0229824168774,87.53842820458011,-6.253016510579441,691,47,210.19038988498025,85.2,2.1,9.391485505499118,turchet_emotion_generated/dress/gravel/aggressive/dress_gravel_aggressive_0111.wav,16,1.0175733224147618,-6.253016524891103,-22.76605512819428,-30.036645955837244,-7.270589832994203,44100,10.0,-9.510539375237,-10.320409237649763,-16.312181094549608,-24.69461110414285,-38.26823935814298,0.6915494621439197,0.30768139473590694,0.0007689671393941285,1.7598055506942197e-07,2.2413662755097734e-13,aggressive,aggressive
112,dress,gravel,aggressive,655.2927886894771,95.39170423045589,-3.744379504875499,691,47,210.19038988498025,85.2,2.1,9.391485505499118,turchet_emotion_generated/dress/gravel/aggressive/dress_gravel_aggressive_0112.wav,16,0.6217205873280967,-3.744379533137674,-23.486273960334263,-27.852372898229653,-4.366100092203595,44100,10.0,-10.028960882255278,-11.431560226718826,-20.510277015039033,-26.651829661159724,-37.06694108863541,0.8025779304036218,0.19739950420360505,2.25169443053373e-05,4.844701559854879e-08,1.4522507442817158e-12,aggressive,aggressive
113,dress,gravel,aggressive,800.8547242467606,67.18745584492454,-12.753896168352178,691,47,210.19038988498025,85.2,2.1,9.391485505499118,turchet_emotion_generated/dress/gravel/aggressive/dress_gravel_aggressive_0113.wav,13,0.4678847130594926,-12.753896654574838,-24.81225695289473,-38.03403796368392,-13.22178088141167,44100,10.0,-11.401568224920359,-10.29051599982452,-9.6778273661572,-13.974780423802592,-22.242393234937083,0.10288784471716546,0.3125272713900774,0.5767335458055024,0.007849323186828955,2.0149004257706273e-06,neutral,aggressive
114,dress,gravel,aggressive,861.5086780562099,93.6705019181682,-4.29419741534765,691,47,210.19038988498025,85.2,2.1,9.391485505499118,turchet_emotion_generated/dress/gravel/aggressive/dress_gravel_aggressive_0114.wav,12,1.2441864926283634,-4.294197534578349,-24.566537111369783,-30.1049205176485,-5.538383907976014,44100,10.0,-10.161468273372826,-11.459652692051153,-17.469160887324424,-19.160773543055605,-21.87060985762676,0.785034650771712,0.21433569179975986,0.000526257440150164,9.6948301986943e-05,6.451686391282994e-06,aggressive,aggressive
115,dress,gravel,aggressive,577.700886641537,78.15974020714445,-9.248928496583371,691,47,210.19038988498025,85.2,2.1,9.391485505499118,turchet_emotion_generated/dress/gravel/aggressive/dress_gravel_aggressive_0115.wav,18,1.1587810450379583,-9.248929001485092,-22.89108378961897,-33.29879393619927,-10.40770954162133,44100,10.0,-9.851953625621107,-9.783733106491246,-13.480669437761971,-23.934339799592962,-41.14520223401128,0.4768370685393581,0.5105024190988774,0.012660147215033906,3.651467184391892e-07,1.2242914539207125e-14,happy,aggressive
116,dress,gravel,aggressive,808.6769203186049,79.73068676431281,-8.747108026462271,691,47,210.19038988498025,85.2,2.1,9.391485505499118,turchet_emotion_generated/dress/gravel/aggressive/dress_gravel_aggressive_0116.wav,13,0.6465511561699107,-8.747107896127698,-24.316807400430054,-33.71046710357828,-9.393659182632184,44100,10.0,-9.751992198747242,-9.959495885454505,-11.269519875440565,-15.62029695472946,-22.468932963272593,0.49147434754262714,0.39937709041579844,0.10775736392607593,0.0013897237551104484,1.4743603880140378e-06,aggressive,aggressive
117,dress,gravel,aggressive,751.1528653322512,85.51510025293581,-6.899344916386879,691,47,210.19038988498025,85.2,2.1,9.391485505499118,turchet_emotion_generated/dress/gravel/aggressive/dress_gravel_aggressive_0117.wav,14,0.8496685835204534,-6.899344969266954,-24.181476811032123,-31.930489871530533,-7.749013499907333,44100,10.0,-9.467207429789788,-10.191209153096533,-13.867212755909541,-19.063463296822313,-27.23114718084742,0.6679341487989356,0.32382001938700344,0.008200410901184426,4.540803178592995e-05,1.2881090663594809e-08,aggressive,aggressive
118,dress,gravel,aggressive,578.1081911519288,74.30412776723641,-10.480558712373115,691,47,210.19038988498025,85.2,2.1,9.391485505499118,turchet_emotion_generated/dress/gravel/aggressive/dress_gravel_aggressive_0118.wav,18,1.061511104823465,-10.48055889393658,-23.136723004585512,-34.67879445607191,-11.54206981719658,44100,10.0,-10.242944840157762,-9.789403227401708,-12.694227222884734,-23.175572379123032,-40.779215543677374,0.37593111542713276,0.591669105799458,0.03239886982442946,9.089489590617352e-07,2.0576637604739254e-14,happy,aggressive
119,dress,gravel,aggressive,1159.5345312483755,77.88561515976646,-9.33649453090802,691,47,210.19038988498025,85.2,2.1,9.391485505499118,turchet_emotion_generated/dress/gravel/aggressive/dress_gravel_aggressive_0119.wav,9,0.2894116575123866,-9.336494308911648,-26.79164414106808,-36.417549661259,-9.625906188420409,44100,10.0,-12.213417759120851,-11.644178574380627,-10.302401498259671,-10.171651548410663,-9.387527100775833,0.029319450793762726,0.051805189628680755,0.19819817346739949,0.22588304291646655,0.4947941431936905,sad,aggressive
120,dress,gravel,aggressive,742.9602906993827,83.72360175945882,-7.471618118244454,691,47,210.19038988498025,85.2,2.1,9.391485505499118,turchet_emotion_generated/dress/gravel/aggressive/dress_gravel_aggressive_0120.wav,14,0.4324207970629345,-7.471618056923673,-24.541836008698592,-32.445875174887696,-7.904038915307388,44100,10.0,-9.468606518080085,-10.04057877081139,-13.199672701979818,-18.76049121072043,-27.538345141407486,0.6295363480924273,0.35531735230586065,0.015088266807050487,5.802385269519693e-05,8.941966466254554e-09,aggressive,aggressive
121,dress,gravel,aggressive,689.2237034727476,70.60016364761229,-11.663746649187356,691,47,210.19038988498025,85.2,2.1,9.391485505499118,turchet_emotion_generated/dress/gravel/aggressive/dress_gravel_aggressive_0121.wav,15,0.7624964629831963,-11.663746761733488,-23.38903553891239,-35.81527894249395,-12.426243112170551,44100,10.0,-10.634092928967354,-9.895683170141906,-10.803936733405967,-17.975638292337834,-30.51041144474645,0.25399729677686655,0.5315160437793657,0.2143220563408628,0.0001646025104522282,5.924526448541973e-10,happy,aggressive
122,dress,gravel,aggressive,505.11788529110765,72.91904677989228,-10.923006604093684,691,47,210.19038988498025,85.2,2.1,9.391485505499118,turchet_emotion_generated/dress/gravel/aggressive/dress_gravel_aggressive_0122.wav,20,0.8258044223163098,-10.92300702922264,-22.79725604982003,-34.546066454852465,-11.748811026409994,44100,10.0,-10.671731705997164,-9.946748531043806,-13.723189835115928,-26.594270531772178,-48.36042263543608,0.3213381650300833,0.6634657400078473,0.015196055887737633,3.9074331749432166e-08,1.3771200726964647e-17,happy,aggressive
123,dress,gravel,aggressive,937.092172310025,77.49382761249339,-9.461646472113806,691,47,210.19038988498025,85.2,2.1,9.391485505499118,turchet_emotion_generated/dress/gravel/aggressive/dress_gravel_aggressive_0123.wav,11,0.6789826348183576,-9.461646779259535,-24.2812453100562,-34.421871869449674,-10.140629106932163,44100,10.0,-10.44773783252163,-10.33241042318747,-10.013584201605678,-12.128566332166052,-15.311285642908098,0.25907813158528403,0.2907480521255121,0.39992751311585345,0.04824543360113946,0.0020008695722110357,neutral,aggressive
124,dress,gravel,aggressive,509.29845953907727,93.58306997982324,-4.322126523568205,691,47,210.19038988498025,85.2,2.1,9.391485505499118,turchet_emotion_generated/dress/gravel/aggressive/dress_gravel_aggressive_0124.wav,20,0.9208133674035904,-4.322127098436631,-22.454177106074496,-27.69711769115281,-5.242939890971795,44100,10.0,-10.197730538416096,-11.275784265944406,-21.529877979064832,-32.577676976061944,-51.014709604598,0.7461188224941478,0.25387223774688766,8.939616626609196e-06,1.4233796518344375e-10,1.4002939736147935e-18,aggressive,aggressive
125,dress,gravel,aggressive,764.1900837233397,97.25617321177695,-3.1487967357078244,691,47,210.19038988498025,85.2,2.1,9.391485505499118,turchet_emotion_generated/dress/gravel/aggressive/dress_gravel_aggressive_0125.wav,13,0.3956065619999047,-3.148796650875531,-24.42785894310552,-27.97226179006873,-3.544403297707729,44100,10.0,-10.310305904066816,-11.874511340655712,-20.66198075451291,-23.638939675832386,-28.96984185642531,0.8269330183927548,0.1730392178662812,2.641162163676222e-05,1.3456069907390598e-06,6.512336517401407e-09,aggressive,aggressive
126,dress,gravel,aggressive,811.0892878316904,85.5002658181362,-6.904083602761125,691,47,210.19038988498025,85.2,2.1,9.391485505499118,turchet_emotion_generated/dress/gravel/aggressive/dress_gravel_aggressive_0126.wav,13,1.1379824737521491,-6.904083630199151,-24.77409219998881,-32.81615729570034,-8.042066076513274,44100,10.0,-9.589417674927821,-10.304068872965367,-13.358714803979186,-17.227417313916874,-23.150707604625833,0.6609760484428817,0.3234570717719111,0.015247575012079755,0.0003184524734218525,8.522997056131998e-07,aggressive,aggressive
127,dress,gravel,aggressive,505.28146827201056,99.55702497338936,-2.413816600691326,691,47,210.19038988498025,85.2,2.1,9.391485505499118,turchet_emotion_generated/dress/gravel/aggressive/dress_gravel_aggressive_0127.wav,20,0.8135653280974999,-2.413816213783573,-22.427333797514223,-25.65471583624241,-3.2273819287888266,44100,10.0,-10.984549161519638,-12.42337769035166,-25.9098744588463,-35.80948791433035,-53.110484296421674,0.8082729615103347,0.19172677205334177,2.664229505744743e-07,1.3372855042386647e-11,4.0972916330400345e-19,aggressive,aggressive
128,dress,gravel,aggressive,653.4424648810505,76.83248071366452,-9.67290598961238,691,47,210.19038988498025,85.2,2.1,9.391485505499118,turchet_emotion_generated/dress/gravel/aggressive/dress_gravel_aggressive_0128.wav,16,0.6961054788802652,-9.672906207849255,-22.93031650497212,-33.299328751152686,-10.369011468492644,44100,10.0,-9.838570745892522,-9.727846858277326,-12.100767373004448,-20.336763772235905,-33.92904551189973,0.450199894664002,0.5029121899075804,0.04687549608516086,1.2419327731419745e-05,1.552548341901861e-11,happy,aggressive
129,dress,gravel,aggressive,646.6932813693154,83.3283378541479,-7.597880541291203,691,47,210.19038988498025,85.2,2.1,9.391485505499118,turchet_emotion_generated/dress/gravel/aggressive/dress_gravel_aggressive_0129.wav,16,0.5232501148100541,-7.597880533611994,-24.592390725368844,-32.71352153680178,-8.121130656101258,44100,10.0,-9.467770139077023,-9.954108980237818,-14.140059852672744,-22.245738506886873,-35.30942145705899,0.6156774565406752,0.37856370799044975,0.005757097856020063,1.7376091698695473e-06,3.685247677959698e-12,aggressive,aggressive
130,dress,gravel,aggressive,997.7679276585432,82.88622188954422,-7.739109305690022,691,47,210.19038988498025,85.2,2.1,9.391485505499118,turchet_emotion_generated/dress/gravel/aggressive/dress_gravel_aggressive_0130.wav,10,0.8300666244715006,-7.739109430713977,-25.946832804101085,-34.51600842649,-8.569175930161522,44100,10.0,-10.521079096918372,-10.809145093875962,-11.532438528736794,-12.543169638457,-13.584585428588461,0.43619772718830463,0.3270227192510154,0.15865566286303365,0.057743171600942014,0.020380719096704494,aggressive,aggressive
131,dress,gravel,aggressive,895.1843625381907,77.73327042029942,-9.385159272831276,691,47,210.19038988498025,85.2,2.1,9.391485505499118,turchet_emotion_generated/dress/gravel/aggressive/dress_gravel_aggressive_0131.wav,12,0.7312601886659418,-9.385159372988293,-24.45188967336252,-34.56830942902939,-10.11641946149722,44100,10.0,-10.213583013957194,-10.17125158620175,-10.225540761390354,-13.007243609314497,-17.31271259653064,0.3232713767482789,0.3372496893360573,0.3194287993444706,0.019783169496734778,0.00026696507445846996,happy,aggressive
132,dress,gravel,aggressive,638.4559808863929,78.31305805382685,-9.199952906962553,691,47,210.19038988498025,85.2,2.1,9.391485505499118,turchet_emotion_generated/dress/gravel/aggressive/dress_gravel_aggressive_0132.wav,16,1.1293366862561045,-9.199952272884827,-23.144977762836344,-33.474266026445726,-10.329289593218656,44100,10.0,-9.725817407837491,-9.745829273954081,-12.646658457783403,-21.27135158870584,-35.40505316976468,0.49162152374933504,0.48188104725752867,0.026492670500308332,4.758489366529467e-06,3.4616288175179532e-12,aggressive,aggressive
133,dress,gravel,aggressive,712.3791857293131,90.83958996678362,-5.198499067006579,691,47,210.19038988498025,85.2,2.1,9.391485505499118,turchet_emotion_generated/dress/gravel/aggressive/dress_gravel_aggressive_0133.wav,14,1.452020447875012,-5.19849931822867,-24.231683927261027,-30.882203467604423,-6.650519514881591,44100,10.0,-9.611167409185168,-10.738522589264054,-16.95813367050185,-22.404144473255272,-31.2151805847497,0.7549813229119047,0.24452995848483705,0.0004866192689600485,2.099021378741973e-06,3.129194072183725e-10,aggressive,aggressive
134,dress,gravel,aggressive,730.4877332307509,81.6369730144224,-8.138167220773957,691,47,210.19038988498025,85.2,2.1,9.391485505499118,turchet_emotion_generated/dress/gravel/aggressive/dress_gravel_aggressive_0134.wav,14,0.7815993326679743,-8.138167274819791,-24.44682390765041,-33.36659054567295,-8.919766553441931,44100,10.0,-9.51530923220645,-9.90119550549092,-12.55784084529816,-18.57786606779912,-28.16905738054232,0.5788116562710693,0.39350385320940917,0.02761738650290992,6.709943184333502e-05,4.584768175238834e-09,aggressive,aggressive
135,dress,gravel,aggressive,679.3693419116133,78.32219932584003,-9.197032834730797,691,47,210.19038988498025,85.2,2.1,9.391485505499118,turchet_emotion_generated/dress/gravel/aggressive/dress_gravel_aggressive_0135.wav,15,0.9700707819072324,-9.197032985431605,-23.34506317581873,-33.51216684317468,-10.167103616638029,44100,10.0,-9.69538927865783,-9.749590483764472,-12.13320378040422,-19.62348699445566,-31.850789742523286,0.49148699506576643,0.46555687720795474,0.042932150656741185,2.3976952171177688e-05,1.1736642197410394e-10,aggressive,aggressive
136,dress,gravel,aggressive,798.2210141829046,81.50483391915392,-8.180377506417617,691,47,210.19038988498025,85.2,2.1,9.391485505499118,turchet_emotion_generated/dress/gravel/aggressive/dress_gravel_aggressive_0136.wav,13,0.4557896547159085,-8.180376987773299,-24.6065473958672,-33.24271307390319,-8.636167161133526,44100,10.0,-9.633207379140774,-10.006841890480093,-11.906495324301407,-16.381501836959096,-23.36761646032177,0.557918831082315,0.38397558753948746,0.05745060543052498,0.0006543708953339331,6.050523387220883e-07,aggressive,aggressive
137,dress,gravel,aggressive,740.1048909700393,94.1400096122309,-4.14421868393574,691,47,210.19038988498025,85.2,2.1,9.391485505499118,turchet_emotion_generated/dress/gravel/aggressive/dress_gravel_aggressive_0137.wav,14,0.3357845948949445,-4.144218612940073,-24.109658889816885,-28.58966221067652,-4.480003278830685,44100,10.0,-9.906066281283744,-11.270624794252004,-18.709881889875042,-22.8966310870948,-29.87979480994843,0.796402876905096,0.203475717126369,0.00011958708550532277,1.8171978245196031e-06,1.6852049928294691e-09,aggressive,aggressive
138,dress,gravel,aggressive,561.6414151799927,99.07700235630791,-2.5671542010529604,691,47,210.19038988498025,85.2,2.1,9.391485505499118,turchet_emotion_generated/dress/gravel/aggressive/dress_gravel_aggressive_0138.wav,18,0.8918776187052558,-2.5671536503862207,-22.568489067777616,-26.027520565233864,-3.4590318197582164,44100,10.0,-10.706748025822677,-12.21926491705298,-24.574711272696355,-32.707925750083355,-46.97664095887354,0.8194332731536491,0.18056594905845313,7.775595883706603e-07,2.2830925322468985e-10,1.4511063229992564e-16,aggressive,aggressive
139,dress,gravel,aggressive,557.7566568094569,94.12186858769742,-4.150013621655505,691,47,210.19038988498025,85.2,2.1,9.391485505499118,turchet_emotion_generated/dress/gravel/aggressive/dress_gravel_aggressive_0139.wav,18,0.4873091357518214,-4.150013699441865,-22.91768283732635,-27.555004930768924,-4.637322757407326,44100,10.0,-10.077865601053086,-11.278613332339773,-21.05979979771913,-30.387309066273694,-46.00145371639067,0.7686477254290485,0.23133920165255997,1.3071755743808526e-05,1.1626476520399802e-09,1.9244704976818535e-16,aggressive,aggressive
140,dress,gravel,aggressive,621.9673025792783,75.78856926718794,-10.00637126915692,691,47,210.19038988498025,85.2,2.1,9.391485505499118,turchet_emotion_generated/dress/gravel/aggressive/dress_gravel_aggressive_0140.wav,16,1.1685399017844484,-10.006370994921744,-23.58841079779697,-34.763321431723355,-11.174911170941368,44100,10.0,-9.981753223640094,-9.735885107884735,-12.307361744838266,-21.457922333797615,-36.67822401418009,0.42079302421426357,0.5380810501243589,0.04112156018421852,4.365476087621887e-06,1.0713677789761322e-12,happy,aggressive
141,dress,gravel,aggressive,581.2953032967604,99.69383859674,-2.370113091825603,691,47,210.19038988498025,85.2,2.1,9.391485505499118,turchet_emotion_generated/dress/gravel/aggressive/dress_gravel_aggressive_0141.wav,17,1.0678213650619286,-2.3701133829765277,-22.710112294438392,-26.148045949326782,-3.437934456887532,44100,10.0,-10.752780524820007,-12.32945766127875,-24.756575917861962,-32.11659440078704,-45.19063840808754,0.8287328352614446,0.17126647779716214,6.865046472086996e-07,4.367451266181473e-10,9.167330717966314e-16,aggressive,aggressive
142,dress,gravel,aggressive,1062.8982115707722,72.21007712831332,-11.149478651938672,691,47,210.19038988498025,85.2,2.1,9.391485505499118,turchet_emotion_generated/dress/gravel/aggressive/dress_gravel_aggressive_0142.wav,10,1.1905232290474528,-11.149478253227848,-26.1846876880772,-38.52468936317017,-12.340001880986126,44100,10.0,-11.947541030439972,-11.058563377387404,-9.030236734251964,-9.586838074011638,-10.624019050231013,0.02756412347189792,0.0670536272531522,0.5096984871052038,0.2921355799414678,0.10354818222827807,neutral,aggressive
143,dress,gravel,aggressive,548.3474418620942,78.68508145399505,-9.081114390963023,691,47,210.19038988498025,85.2,2.1,9.391485505499118,turchet_emotion_generated/dress/gravel/aggressive/dress_gravel_aggressive_0143.wav,19,0.6306986620969285,-9.081114777540424,-23.17869130997261,-32.89050471230701,-9.711813053059952,44100,10.0,-9.896612487867886,-9.83303058362728,-14.083842015911493,-25.46179401483329,-44.185493051242176,0.4805762511106529,0.5121245264746033,0.007299138875630416,8.353911272029781e-08,6.170078449756299e-16,happy,aggressive
144,dress,gravel,aggressive,987.1729369109544,83.06658322274416,-7.681494991183229,691,47,210.19038988498025,85.2,2.1,9.391485505499118,turchet_emotion_generated/dress/gravel/aggressive/dress_gravel_aggressive_0144.wav,10,0.4808447050620931,-7.681495023881951,-25.737456693665266,-33.89979552386302,-8.162339696245322,44100,10.0,-10.44423514704186,-10.76689766711676,-11.611165610946802,-12.741085088812316,-13.986597195281165,0.46188110278478506,0.3345027111461417,0.14379332718616195,0.046453767138626555,0.013369091744284842,aggressive,aggressive
145,dress,gravel,aggressive,771.9580620919957,86.78790919184743,-6.492761014990341,691,47,210.19038988498025,85.2,2.1,9.391485505499118,turchet_emotion_generated/dress/gravel/aggressive/dress_gravel_aggressive_0145.wav,13,1.37270553624084,-6.492760953323533,-24.178843730901484,-32.04431045315199,-7.865466551231181,44100,10.0,-9.514164438655234,-10.342091907748241,-14.258499206351,-18.834323478747432,-25.979597629324815,0.6916851645839351,0.302234564192859,0.006018247595917417,6.19747551115103e-05,4.887217689560691e-08,aggressive,aggressive
146,dress,gravel,aggressive,690.9388051392349,81.86354812375438,-8.065790456991703,691,47,210.19038988498025,85.2,2.1,9.391485505499118,turchet_emotion_generated/dress/gravel/aggressive/dress_gravel_aggressive_0146.wav,15,0.8142281317532027,-8.065790012597922,-23.383390303810238,-32.26340933236657,-8.880018588744905,44100,10.0,-9.488800400907099,-9.87872795575643,-13.063235589443734,-20.07162611428333,-31.32050354774905,0.586454360764555,0.39709172286275785,0.016439050956761746,1.486522235178764e-05,1.935735490909599e-10,aggressive,aggressive
147,dress,gravel,aggressive,901.051906503656,85.66334627229338,-6.85198946257584,691,47,210.19038988498025,85.2,2.1,9.391485505499118,turchet_emotion_generated/dress/gravel/aggressive/dress_gravel_aggressive_0147.wav,11,1.2684886657339292,-6.851988909464844,-24.665778163724475,-32.7862557354989,-8.120478128309768,44100,10.0,-9.926252718270057,-10.589755071579654,-12.910617554353129,-15.073261185693099,-18.098645366620858,0.6362476492198927,0.3276957281636559,0.032176070916038045,0.003700912480852871,0.00017963921956054842,aggressive,aggressive
148,dress,gravel,aggressive,463.30488480568783,83.97942438168283,-7.389898579176576,691,47,210.19038988498025,85.2,2.1,9.391485505499118,turchet_emotion_generated/dress/gravel/aggressive/dress_gravel_aggressive_0148.wav,22,0.8577707310898812,-7.38989885329749,-22.355192651293603,-30.602860405732702,-8.247669310266456,44100,10.0,-10.02088803018133,-10.265874814030564,-17.366890089684922,-31.36524805108931,-54.286640706839414,0.5607392630261228,0.43889896645752857,0.00036177021503192025,3.013166911552422e-10,3.344943926073704e-20,aggressive,aggressive
149,dress,gravel,aggressive,412.9887023897295,86.08980082718237,-6.715763551997811,691,47,210.19038988498025,85.2,2.1,9.391485505499118,turchet_emotion_generated/dress/gravel/aggressive/dress_gravel_aggressive_0149.wav,24,0.3315687600033162,-6.71576347490531,-22.399229560228665,-29.44656079385961,-7.047332312001127,44100,10.0,-10.304902893142163,-10.598788748287902,-19.286777480958982,-34.97455479111166,-60.72688737223823,0.572905937770112,0.42702206681817984,7.199540063710875e-05,1.1071070941753305e-11,7.24592271517123e-23,aggressive,aggressive
150,dress,gravel,aggressive,596.2657718454387,76.30620162852767,-9.84101967668415,691,47,210.19038988498025,85.2,2.1,9.391485505499118,turchet_emotion_generated/dress/gravel/aggressive/dress_gravel_aggressive_0150.wav,17,0.7851691171522447,-9.841019381383324,-23.674928169937267,-34.301116058508725,-10.626188793836397,44100,10.0,-9.97567328633543,-9.750923776700196,-12.777997609927825,-22.69460855882099,-39.15189193935881,0.4323985998651476,0.5413669648666116,0.02623314071205143,1.2945560970683938e-06,9.221753626787206e-14,happy,aggressive
151,dress,gravel,aggressive,1153.195124124345,84.08475963373265,-7.356250467175082,691,47,210.19038988498025,85.2,2.1,9.391485505499118,turchet_emotion_generated/dress/gravel/aggressive/dress_gravel_aggressive_0151.wav,9,0.3169065220638338,-7.356250448728131,-26.72735347377358,-34.40050974192659,-7.673156989238915,44100,10.0,-11.850403899684276,-11.865409509162223,-12.279180587384046,-11.819051461691425,-10.25359506552413,0.11620458339771707,0.1144738804011822,0.07568466772601533,0.11990559510117228,0.573731273373913,sad,aggressive
152,dress,gravel,aggressive,1054.3293870766456,77.16385406361749,-9.56705265583714,691,47,210.19038988498025,85.2,2.1,9.391485505499118,turchet_emotion_generated/dress/gravel/aggressive/dress_gravel_aggressive_0152.wav,10,0.352280503852457,-9.56705242115168,-25.945435345319684,-35.86476751047131,-9.919333159689598,44100,10.0,-11.28577395941622,-10.92669629246893,-9.826802687453359,-10.49067320001275,-11.185945859224573,0.09947096119411439,0.14244321388308676,0.4278775370435633,0.22029477011114887,0.1099135177680866,neutral,aggressive
153,dress,gravel,aggressive,773.9547347030013,92.52106086103188,-4.661372892474224,691,47,210.19038988498025,85.2,2.1,9.391485505499118,turchet_emotion_generated/dress/gravel/aggressive/dress_gravel_aggressive_0153.wav,13,0.4907709794907575,-4.66137282849573,-24.29179237440802,-29.443935401830966,-5.152143871964982,44100,10.0,-9.807417565935808,-11.063893571341856,-17.364388034065307,-21.059484587665445,-27.05259228288998,0.7780945508637142,0.221488804028562,0.0004065198902600888,1.010000889681696e-05,2.5208566783608968e-08,aggressive,aggressive
154,dress,gravel,aggressive,556.1408348349465,65.82836186150737,-13.188042816171,691,47,210.19038988498025,85.2,2.1,9.391485505499118,turchet_emotion_generated/dress/gravel/aggressive/dress_gravel_aggressive_0154.wav,18,0.5212542568102432,-13.188042791198296,-22.97349023829903,-36.68278574636909,-13.709297072981244,44100,10.0,-11.75884897999449,-10.324846915863075,-12.659090671290349,-23.403139453906448,-42.777652025885054,0.17850970568142768,0.748929637692103,0.07255909127906607,1.5653473971642428e-06,6.030687655819929e-15,happy,aggressive
155,dress,gravel,aggressive,389.5254485709885,89.426386786727,-5.649930263667363,691,47,210.19038988498025,85.2,2.1,9.391485505499118,turchet_emotion_generated/dress/gravel/aggressive/dress_gravel_aggressive_0155.wav,26,0.6486001130757474,-5.649929725084977,-21.483267699429614,-27.781797525780405,-6.29853037674311,44100,10.0,-10.555552587314375,-11.04477880509625,-21.4481203664107,-37.638007003489975,-64.34387422588216,0.6199169856486477,0.38007148641695526,1.1527933323947295e-05,1.0729340469506666e-12,2.7062147553770686e-24,aggressive,aggressive
156,dress,gravel,aggressive,846.3438594283191,91.62907360497952,-4.946307769559456,691,47,210.19038988498025,85.2,2.1,9.391485505499118,turchet_emotion_generated/dress/gravel/aggressive/dress_gravel_aggressive_0156.wav,12,0.722648482503492,-4.946307256765333,-24.537027388279903,-30.20598147699372,-5.668956252062948,44100,10.0,-9.93311504929581,-11.100821875938271,-16.289871042463396,-18.626867346791457,-22.242866026147606,0.7616223920900542,0.2369251000830573,0.0013214041104093344,0.0001276706455111001,3.4330709679789342e-06,aggressive,aggressive
157,dress,gravel,aggressive,707.3677635407814,87.8556963889753,-6.151668906664358,691,47,210.19038988498025,85.2,2.1,9.391485505499118,turchet_emotion_generated/dress/gravel/aggressive/dress_gravel_aggressive_0157.wav,14,1.0157219743311408,-6.151669143089464,-24.28213950351956,-31.44952973826999,-7.167390880995498,44100,10.0,-9.468707667644072,-10.369121947798018,-15.41032816699034,-21.409397898286578,-30.98942960583768,0.7097053021774526,0.2884251296609292,0.0018649408134359087,4.627028478949358e-06,3.1970340776515897e-10,aggressive,aggressive
158,dress,gravel,aggressive,829.8286957319772,83.09631262236589,-7.671998282828308,691,47,210.19038988498025,85.2,2.1,9.391485505499118,turchet_emotion_generated/dress/gravel/aggressive/dress_gravel_aggressive_0158.wav,12,0.7087687538283043,-7.671998333465519,-25.09239585099268,-33.47316246012607,-8.380767036656612,44100,10.0,-9.668905820010016,-10.171248641410829,-12.246191251431895,-15.953449641987383,-21.603268013494866,0.5941902069599674,0.35955122638873116,0.04514655837185459,0.0011081097767041343,3.8985027428774076e-06,aggressive,aggressive
159,dress,gravel,aggressive,775.6305731651557,90.16152747586231,-5.415098184534132,691,47,210.19038988498025,85.2,2.1,9.391485505499118,turchet_emotion_generated/dress/gravel/aggressive/dress_gravel_aggressive_0159.wav,13,0.2222520429777389,-5.415097856042898,-25.27766832360504,-30.91501907869921,-5.637350227511871,44100,10.0,-9.64630360604383,-10.733709063646002,-15.963079461273816,-20.00458995084594,-26.400772036292942,0.746866432929328,0.25176117172923723,0.001348658654520451,2.3697162107675702e-05,3.9524806688394876e-08,aggressive,aggressive
160,dress,gravel,aggressive,500.59112315860057,93.38950517176022,-4.383958533408295,691,47,210.19038988498025,85.2,2.1,9.391485505499118,turchet_emotion_generated/dress/gravel/aggressive/dress_gravel_aggressive_0160.wav,20,0.3978322841735636,-4.383958369774564,-22.60732270501691,-27.38911335595153,-4.781790817581859,44100,10.0,-10.216214550183162,-11.263685518383433,-21.561705109114826,-32.94739337759485,-51.93032570473863,0.7402824808419473,0.25970876693333883,8.752125317248225e-06,9.939669402064165e-11,5.664859980459721e-19,aggressive,aggressive
161,dress,gravel,aggressive,1056.6193151167352,90.49287613741134,-5.309252737180247,691,47,210.19038988498025,85.2,2.1,9.391485505499118,turchet_emotion_generated/dress/gravel/aggressive/dress_gravel_aggressive_0161.wav,10,0.3565658042132472,-5.309252063286208,-25.007233566874163,-30.673052782621,-5.665818541393493,44100,10.0,-11.097380145400454,-11.876243997488906,-15.109426625747659,-14.590705375179127,-13.209394616680452,0.6140933007758355,0.2818240725844904,0.011112831058272118,0.018668201884269348,0.07430159369713266,aggressive,aggressive
162,dress,gravel,aggressive,678.2903728225884,73.43014117708736,-10.759743487658332,691,47,210.19038988498025,85.2,2.1,9.391485505499118,turchet_emotion_generated/dress/gravel/aggressive/dress_gravel_aggressive_0162.wav,15,0.9268692804759464,-10.759743443613957,-23.826253562687288,-35.51286578478165,-11.686612768134278,44100,10.0,-10.212837489077643,-9.773397475303053,-11.20057576075653,-18.753592217509876,-31.544680423621624,0.341944480350311,0.5306424273039552,0.12734629577641254,6.67963832609889e-05,1.8606038808237524e-10,happy,aggressive
163,dress,gravel,aggressive,867.8346831535433,93.09572723218588,-4.477802453862303,691,47,210.19038988498025,85.2,2.1,9.391485505499118,turchet_emotion_generated/dress/gravel/aggressive/dress_gravel_aggressive_0163.wav,12,0.7245404946733823,-4.477802886484069,-25.141572485664035,-30.34391572471713,-5.202342948535685,44100,10.0,-10.13300874907308,-11.38729176344603,-17.06669577420702,-18.747393799127885,-21.380072808762932,0.7773334296131432,0.22175792706082734,0.0007574349328826779,0.00014106765691761686,1.0140736229163039e-05,aggressive,aggressive
164,dress,gravel,aggressive,520.0891277670466,92.38640994200112,-4.704385550786453,691,47,210.19038988498025,85.2,2.1,9.391485505499118,turchet_emotion_generated/dress/gravel/aggressive/dress_gravel_aggressive_0164.wav,20,0.9413100829735724,-4.704386194391566,-22.89355220834692,-28.53924723976955,-5.645695633760026,44100,10.0,-10.049048895361116,-11.066018962376045,-20.586403327523517,-31.47907051215439,-49.54637504103984,0.7343676788674915,0.2656128403343849,1.9480435902729344e-05,3.622208281075365e-10,5.1575418344563265e-18,aggressive,aggressive
165,dress,gravel,aggressive,598.6510651851208,74.16448289752601,-10.525166629713336,691,47,210.19038988498025,85.2,2.1,9.391485505499118,turchet_emotion_generated/dress/gravel/aggressive/dress_gravel_aggressive_0165.wav,17,0.4787930226295684,-10.525166272565514,-23.188125641734988,-34.19208409868885,-11.003959652342903,44100,10.0,-10.212589997848182,-9.772530917502598,-12.36393358973914,-22.208737997852975,-38.76136183529064,0.37465350929002017,0.5817615779749968,0.0435826018998992,2.3108349341711255e-06,1.4964276726149926e-13,happy,aggressive
166,dress,gravel,aggressive,693.4195876225227,82.16303439163491,-7.970123077947622,691,47,210.19038988498025,85.2,2.1,9.391485505499118,turchet_emotion_generated/dress/gravel/aggressive/dress_gravel_aggressive_0166.wav,15,0.5201025541135937,-7.970122824632964,-23.81696809217885,-32.30719473541886,-8.490225632061215,44100,10.0,-9.478046030807032,-9.896062039553916,-13.13958713069033,-20.062362192620057,-31.15931730947949,0.5937995853093824,0.39092895988916093,0.015256425583963378,1.5028989677771898e-05,2.2781557549700416e-10,aggressive,aggressive
167,dress,gravel,aggressive,567.2371917530672,80.10906089160612,-8.62624084509727,691,47,210.19038988498025,85.2,2.1,9.391485505499118,turchet_emotion_generated/dress/gravel/aggressive/dress_gravel_aggressive_0167.wav,18,0.8546670366295104,-8.626241226186055,-23.357644832601466,-32.83855225543647,-9.48090788172678,44100,10.0,-9.745970104537662,-9.846637836506213,-14.182672546040624,-24.889961777083073,-42.4120877421063,0.5219019830305497,0.4719212206772961,0.006176658051130809,1.3824102002726995e-07,3.3952699662915354e-15,aggressive,aggressive
168,dress,gravel,aggressive,597.0168620755212,72.27294135574735,-11.129397411096456,691,47,210.19038988498025,85.2,2.1,9.391485505499118,turchet_emotion_generated/dress/gravel/aggressive/dress_gravel_aggressive_0168.wav,17,1.0404109714127214,-11.12939761251564,-23.593748485422296,-35.76355609475259,-12.169808382509178,44100,10.0,-10.472987467240317,-9.830747419731782,-12.150646406278282,-22.00768918449031,-38.81295393064627,0.3238809296360603,0.6156114457526902,0.06050445556853609,3.1690425540846064e-06,1.594022050417491e-13,happy,aggressive
169,dress,gravel,aggressive,1145.5032898274756,99.16410339065064,-2.539330796238554,691,47,210.19038988498025,85.2,2.1,9.391485505499118,turchet_emotion_generated/dress/gravel/aggressive/dress_gravel_aggressive_0169.wav,9,0.8692217210857172,-2.539330761001957,-25.88515300793631,-29.2937045473996,-3.408552517324271,44100,10.0,-12.868974045377584,-13.978554731812519,-21.217904551788017,-18.302361426758633,-13.806717687217006,0.5794372791590624,0.19103883611108433,0.0001371235297829176,0.0025311406295398953,0.2268556205705306,aggressive,aggressive
170,dress,gravel,aggressive,460.9440100180221,90.39094605169508,-5.341813108696524,691,47,210.19038988498025,85.2,2.1,9.391485505499118,turchet_emotion_generated/dress/gravel/aggressive/dress_gravel_aggressive_0170.wav,22,0.8240803096915145,-5.341812627071594,-22.72431575690604,-28.89020901174627,-6.165893418388039,44100,10.0,-10.177427646825853,-10.926159164687824,-20.501586681744122,-33.81142829637591,-55.76853814464908,0.6788871090312196,0.3210906028720898,2.2288059734835216e-05,3.695570526570159e-11,1.0760435513791565e-20,aggressive,aggressive
171,dress,gravel,aggressive,717.3280633230158,84.48909890536717,-7.22708902469686,691,47,210.19038988498025,85.2,2.1,9.391485505499118,turchet_emotion_generated/dress/gravel/aggressive/dress_gravel_aggressive_0171.wav,14,1.0199131933752184,-7.22708882698549,-23.66989978850593,-31.9169016686681,-8.247002218072078,44100,10.0,-9.436404058883602,-10.066946436772145,-13.76826091720627,-19.887979458199354,-29.605524802004464,0.6470502438598444,0.34442679457184355,0.008504258940407596,1.8701501744216354e-05,1.1261601660555585e-09,aggressive,aggressive
172,dress,gravel,aggressive,1058.7290752492156,92.00828211634388,-4.825174053979852,691,47,210.19038988498025,85.2,2.1,9.391485505499118,turchet_emotion_generated/dress/gravel/aggressive/dress_gravel_aggressive_0172.wav,10,0.8547937205970297,-4.825173982945563,-25.306097218528333,-30.986064320482576,-5.679967774576882,44100,10.0,-11.218848074787667,-12.101643151930556,-15.999190402542173,-15.214884754385409,-13.498944897136475,0.6482221606866192,0.2681210080068106,0.005440609801269274,0.011919751314760463,0.06629647019054058,aggressive,aggressive
173,dress,gravel,aggressive,458.49971549079993,81.81146364900619,-8.08242823215018,691,47,210.19038988498025,85.2,2.1,9.391485505499118,turchet_emotion_generated/dress/gravel/aggressive/dress_gravel_aggressive_0173.wav,22,1.1979411909841944,-8.08242759641634,-22.57758517689153,-31.85795422186721,-9.280369423134374,44100,10.0,-10.102560360105027,-10.14649558500411,-16.653211348200465,-30.996283225628126,-54.53145578448894,0.5106091478628322,0.4886610968159941,0.0007297548905876379,4.305861379381516e-10,2.5874053470448715e-20,aggressive,aggressive
174,dress,gravel,aggressive,771.827319122582,86.7995592250976,-6.489039548377842,691,47,210.19038988498025,85.2,2.1,9.391485505499118,turchet_emotion_generated/dress/gravel/aggressive/dress_gravel_aggressive_0174.wav,13,0.979035594036708,-6.489039123377889,-24.467967922321897,-31.93604287002973,-7.46807514241455,44100,10.0,-9.514135561755145,-10.343005360469592,-14.265132237312535,-18.842548157400568,-25.99082569521515,0.6919101323466464,0.3020481017225976,0.005980232250447229,6.148533948086486e-05,4.834082806462735e-08,aggressive,aggressive
175,dress,gravel,aggressive,731.5028494683107,83.24585809681076,-7.624227733315993,691,47,210.19038988498025,85.2,2.1,9.391485505499118,turchet_emotion_generated/dress/gravel/aggressive/dress_gravel_aggressive_0175.wav,14,0.3431700762459042,-7.62422788230835,-24.430393476690394,-32.39779025001774,-7.967397809561898,44100,10.0,-9.46590795492626,-9.994243213607298,-13.127982971083167,-19.005621160249547,-28.32239294196929,0.6190659520555057,0.36499240839909264,0.015897101499568987,4.453404205869628e-05,4.003773870911691e-09,aggressive,aggressive
176,dress,gravel,aggressive,700.4366519572735,87.87196457231101,-6.146472226120204,691,47,210.19038988498025,85.2,2.1,9.391485505499118,turchet_emotion_generated/dress/gravel/aggressive/dress_gravel_aggressive_0176.wav,15,0.2592008105976195,-6.14647207817709,-23.978926810532982,-30.38460094467372,-6.405673036717823,44100,10.0,-9.467174858827338,-10.365640777598315,-15.495029741356731,-21.670003818223925,-31.54675725380601,0.7094163184941515,0.2888699614698298,0.001710161247375087,3.5586058923484028e-06,1.827512589045268e-10,aggressive,aggressive
177,dress,gravel,aggressive,1094.2728929562995,86.9358327747163,-6.445508559737467,691,47,210.19038988498025,85.2,2.1,9.391485505499118,turchet_emotion_generated/dress/gravel/aggressive/dress_gravel_aggressive_0177.wav,10,0.5917722539786995,-6.445508486349202,-24.831377285049136,-31.868657279466976,-7.037280813716166,44100,10.0,-11.283303123984735,-11.698653896047412,-13.325388615115283,-12.959353178477917,-11.637848240662322,0.37334739006441764,0.24644985746726372,0.048444743334368795,0.06985762710558299,0.2619003820283669,aggressive,aggressive
178,dress,gravel,aggressive,630.6570646916258,90.06122999394672,-5.44713703989632,691,47,210.19038988498025,85.2,2.1,9.391485505499118,turchet_emotion_generated/dress/gravel/aggressive/dress_gravel_aggressive_0178.wav,16,0.9277617168001264,-5.447137517836264,-23.161067574108493,-29.53596590595158,-6.374898756696446,44100,10.0,-9.60086951147661,-10.612661964458164,-17.512905380149686,-25.297222298875866,-37.987233615583044,0.7331737471201779,0.26655757364137495,0.0002685674572278642,1.1178087481116681e-07,3.444812703201655e-13,aggressive,aggressive
179,dress,gravel,aggressive,873.3479057428466,96.24086277494834,-3.473125757852651,691,47,210.19038988498025,85.2,2.1,9.391485505499118,turchet_emotion_generated/dress/gravel/aggressive/dress_gravel_aggressive_0179.wav,12,0.9031307206762496,-3.473125749905207,-24.57307930949612,-28.949335977844527,-4.376256478528901,44100,10.0,-10.493051140410861,-11.948187038756355,-19.15320951072889,-20.116649529509843,-21.894674395067693,0.810622835699586,0.18917395466447157,0.00014052702145646423,5.3622018414188864e-05,9.060596071769464e-06,aggressive,aggressive
180,dress,gravel,aggressive,935.4317992496256,83.01676852407059,-7.697407712970768,691,47,210.19038988498025,85.2,2.1,9.391485505499118,turchet_emotion_generated/dress/gravel/aggressive/dress_gravel_aggressive_0180.wav,11,0.5025545873424346,-7.697407491732782,-25.04422301832764,-33.2441853910479,-8.199962300313203,44100,10.0,-10.128891181817783,-10.526673078687192,-11.702969037758175,-13.561178335090077,-16.06078912354058,0.5224732846192912,0.35100201203649617,0.10825569732507657,0.016882653916384355,0.0013863521027516399,aggressive,aggressive
181,dress,gravel,aggressive,892.9131758704873,78.73936183968482,-9.063775157784848,691,47,210.19038988498025,85.2,2.1,9.391485505499118,turchet_emotion_generated/dress/gravel/aggressive/dress_gravel_aggressive_0181.wav,11,1.022657433532765,-9.063774894348771,-24.673927810353646,-34.76035958627661,-10.086432591317614,44100,10.0,-10.123710499390615,-10.180576657413406,-10.490703259330276,-13.28025040420466,-17.531654287892657,0.37303489312536103,0.35241371230466995,0.25844404303904617,0.015881137078697205,0.00022621445222575958,aggressive,aggressive
182,dress,gravel,aggressive,407.82379078636126,78.86570467141227,-9.023416420611646,691,47,210.19038988498025,85.2,2.1,9.391485505499118,turchet_emotion_generated/dress/gravel/aggressive/dress_gravel_aggressive_0182.wav,25,1.125924712369594,-9.023416116540709,-21.891245069533586,-32.040584927147535,-10.14934113298124,44100,10.0,-10.560673995919789,-10.202418940592677,-16.78354194117947,-33.20326994500125,-60.33742432163148,0.4110466208876189,0.5881380482079349,0.000815330844143428,6.0302678887705e-11,9.911128086869715e-23,happy,aggressive
183,dress,gravel,aggressive,811.1408089243259,70.32209286379691,-11.752573102782762,691,47,210.19038988498025,85.2,2.1,9.391485505499118,turchet_emotion_generated/dress/gravel/aggressive/dress_gravel_aggressive_0183.wav,13,1.0392186087744288,-11.752573385727269,-24.39128817311412,-37.183079954833744,-12.79179171155719,44100,10.0,-10.843877256574519,-10.087394665574978,-9.636904604939446,-13.920690401257607,-21.625150431726617,0.15336852134449527,0.3267927743782594,0.5127643142307389,0.00707120226326901,3.187783237455066e-06,neutral,aggressive
184,dress,gravel,aggressive,1038.847245882854,84.27437517931583,-7.295680002958696,691,47,210.19038988498025,85.2,2.1,9.391485505499118,turchet_emotion_generated/dress/gravel/aggressive/dress_gravel_aggressive_0184.wav,10,0.4261401514054048,-7.295679850712077,-26.46423844631126,-34.18605861193008,-7.721820154364101,44100,10.0,-10.799923284235769,-11.126401267543748,-12.06687103230066,-12.49139628596084,-12.506903880918074,0.42215271528028525,0.30456640732143364,0.11891624063281042,0.07778076245535963,0.07658387431011096,aggressive,aggressive
185,dress,gravel,aggressive,809.5051985813117,81.63942486408241,-8.137384006129611,691,47,210.19038988498025,85.2,2.1,9.391485505499118,turchet_emotion_generated/dress/gravel/aggressive/dress_gravel_aggressive_0185.wav,13,0.5244111480036904,-8.137384437433306,-24.03988212047303,-32.70167765454267,-8.661795154133301,44100,10.0,-9.656498143163843,-10.038724213076197,-11.866441802234641,-16.09420956401883,-22.65763447525004,0.5575223921867875,0.38042026342119145,0.06116401392511343,0.0008920717138242107,1.2587530836019684e-06,aggressive,aggressive
186,dress,gravel,aggressive,413.9994290708904,82.39948615146872,-7.894591333892214,691,47,210.19038988498025,85.2,2.1,9.391485505499118,turchet_emotion_generated/dress/gravel/aggressive/dress_gravel_aggressive_0186.wav,24,0.5484158691507306,-7.894591600042537,-21.7346640544414,-30.177671893221717,-8.443007203042944,44100,10.0,-10.338526664450931,-10.321568768066678,-17.764406732175996,-33.74964299274083,-60.0097487012957,0.49561427600487784,0.5040905180356889,0.00029520592571800663,3.3715155807766666e-11,1.328024745951633e-22,happy,aggressive
187,dress,gravel,aggressive,801.4235489631083,75.62072138068557,-10.059988309742486,691,47,210.19038988498025,85.2,2.1,9.391485505499118,turchet_emotion_generated/dress/gravel/aggressive/dress_gravel_aggressive_0187.wav,13,0.6013127380116681,-10.059988082363766,-24.29612483788004,-34.95742583619131,-10.661301047754154,44100,10.0,-10.083886692048841,-9.893546835975414,-10.341253570167792,-14.947932394484749,-22.532584266511577,0.3343957883208194,0.40450542275190976,0.25851621216251347,0.002581264987384318,1.3117773730077701e-06,happy,aggressive
188,dress,gravel,aggressive,744.1686270362634,76.19239548939674,-9.877373714306088,691,47,210.19038988498025,85.2,2.1,9.391485505499118,turchet_emotion_generated/dress/gravel/aggressive/dress_gravel_aggressive_0188.wav,14,1.3307664822420715,-9.877373750907164,-24.13737437227197,-35.34551554274398,-11.208140196548158,44100,10.0,-9.917647274249354,-9.78893476667692,-10.94821603601244,-16.842025604048033,-26.54809078894666,0.40077740644572823,0.45582943095301104,0.1429989682609181,0.0003941703302751689,2.401006746992729e-08,happy,aggressive
189,dress,gravel,aggressive,339.6079056002711,75.72891248910118,-10.025427927888437,691,47,210.19038988498025,85.2,2.1,9.391485505499118,turchet_emotion_generated/dress/gravel/aggressive/dress_gravel_aggressive_0189.wav,30,1.1515236232681711,-10.025427328406602,-20.577916042489868,-31.754866970419695,-11.176951551156607,44100,10.0,-11.331630402628525,-10.458984328273901,-17.597214390141517,-36.85723922432139,-68.97102930504252,0.2945390315855532,0.7049011665961504,0.0005598018158780936,2.418309021927323e-12,2.733190931064661e-26,happy,aggressive
190,dress,gravel,aggressive,782.4437896017226,72.08318690691402,-11.190012246328504,691,47,210.19038988498025,85.2,2.1,9.391485505499118,turchet_emotion_generated/dress/gravel/aggressive/dress_gravel_aggressive_0190.wav,13,0.6449545184074148,-11.19001215999132,-24.428273771495917,-36.263239543521934,-11.83496676473592,44100,10.0,-10.495674081000317,-9.939550098401893,-9.992082694841075,-14.96260029489213,-23.573166397762012,0.22675542825479988,0.39543879062379056,0.3752015747618181,0.002603732035763653,4.7432382772750383e-07,happy,aggressive
191,dress,gravel,aggressive,824.2197539741705,85.20900202229355,-6.997124409459524,691,47,210.19038988498025,85.2,2.1,9.391485505499118,turchet_emotion_generated/dress/gravel/aggressive/dress_gravel_aggressive_0191.wav,12,1.1659753699301854,-6.997124471387538,-24.122577373326465,-32.28567780192446,-8.163099779389709,44100,10.0,-9.626549237066463,-10.311551295144554,-13.138633921959768,-16.76776952429449,-22.281675938545554,0.6515851538907732,0.3284570338214272,0.019439817429292294,0.0005159155473387261,2.0793111685269295e-06,aggressive,aggressive
192,dress,gravel,aggressive,530.0702355504286,84.88997939746689,-7.099032448812784,691,47,210.19038988498025,85.2,2.1,9.391485505499118,turchet_emotion_generated/dress/gravel/aggressive/dress_gravel_aggressive_0192.wav,19,1.4984584318525198,-7.099032518024691,-22.628439871667187,-31.225929389874764,-8.597490880665303,44100,10.0,-9.719339970534861,-10.179907763607195,-16.52493468670297,-28.096275537867506,-46.96100052547102,0.6127327530870623,0.386588601432812,0.0006786390788078373,6.4013177391051645e-09,4.10604230704219e-17,aggressive,aggressive
193,dress,gravel,aggressive,1072.7944989351274,92.66118652673876,-4.61661139048666,691,47,210.19038988498025,85.2,2.1,9.391485505499118,turchet_emotion_generated/dress/gravel/aggressive/dress_gravel_aggressive_0193.wav,10,0.388515071122707,-4.616611203471802,-25.3417452360926,-30.34687304398671,-5.005126461609367,44100,10.0,-11.390974790144773,-12.286269459260325,-16.420332591109457,-15.392976025788792,-13.314308112275326,0.633140472012745,0.2586297864315372,0.0041426451596933795,0.011573188383666241,0.09251390801235812,aggressive,aggressive
194,dress,gravel,aggressive,858.1751268946422,82.40145099778996,-7.893963686757979,691,47,210.19038988498025,85.2,2.1,9.391485505499118,turchet_emotion_generated/dress/gravel/aggressive/dress_gravel_aggressive_0194.wav,12,0.5186444218335785,-7.893964014588133,-24.82736460327204,-33.23997274627832,-8.412608108591558,44100,10.0,-9.786384248534942,-10.210024138969858,-11.814378446954045,-15.026860911077708,-19.848271086744063,0.5581605486322239,0.3654051551659589,0.07345349200776383,0.0029569844436998353,2.381975035356836e-05,aggressive,aggressive
195,dress,gravel,aggressive,370.0533095695083,94.54597899250663,-4.014536522352882,691,47,210.19038988498025,85.2,2.1,9.391485505499118,turchet_emotion_generated/dress/gravel/aggressive/dress_gravel_aggressive_0195.wav,27,0.5604205785598918,-4.014536073250055,-21.094833297275105,-25.669789831113267,-4.574957100912775,44100,10.0,-11.08662305914606,-11.87805637438905,-24.975259765924527,-41.08494893654005,-68.0692313246258,0.6881385681301216,0.3118607922563214,6.396134925334307e-07,6.450130546433738e-14,1.2315259438285211e-25,aggressive,aggressive
196,dress,gravel,aggressive,969.130172927741,90.32541586174736,-5.362745960025325,691,47,210.19038988498025,85.2,2.1,9.391485505499118,turchet_emotion_generated/dress/gravel/aggressive/dress_gravel_aggressive_0196.wav,11,0.5577943271301908,-5.362746114233847,-25.432401149755965,-31.35294127670705,-5.920540287155516,44100,10.0,-10.45008501222137,-11.386098665913801,-15.045651027248837,-15.572686719363267,-15.99630344882906,0.7081414208409702,0.2777246532709019,0.00714975296436096,0.0042208735692472925,0.0027632993545197897,aggressive,aggressive
197,dress,gravel,aggressive,811.475965656667,90.74229320766791,-5.229579376631309,691,47,210.19038988498025,85.2,2.1,9.391485505499118,turchet_emotion_generated/dress/gravel/aggressive/dress_gravel_aggressive_0197.wav,13,0.9866039593716802,-5.229579259076863,-24.16328250914724,-30.379466443440855,-6.216183336002989,44100,10.0,-9.764092051658267,-10.885727796772237,-16.006484433715656,-19.18401889678365,-24.157822109261335,0.75314057579525,0.24533292187147548,0.0014650062606800345,6.107363894242088e-05,4.2243365225385606e-07,aggressive,aggressive
198,dress,gravel,aggressive,725.204537888405,82.41759895872872,-7.8888054098498275,691,47,210.19038988498025,85.2,2.1,9.391485505499118,turchet_emotion_generated/dress/gravel/aggressive/dress_gravel_aggressive_0198.wav,14,0.7087706624326878,-7.8888056573242915,-24.59118734082406,-33.18876432914187,-8.597576072282516,44100,10.0,-9.482822513993266,-9.936838075766284,-12.885199323185741,-18.981364882807384,-28.680607526854185,0.5993616110128237,0.38063828667199834,0.019955170804503722,4.492875519684157e-05,2.7554772338851234e-09,aggressive,aggressive
199,dress,gravel,aggressive,904.1001567314282,87.38704252993851,-6.3013748904820535,691,47,210.19038988498025,85.2,2.1,9.391485505499118,turchet_emotion_generated/dress/gravel/aggressive/dress_gravel_aggressive_0199.wav,12,1.390660211902147,-6.301374562309562,-24.265508700772276,-31.95754305784297,-7.6920351023842,44100,10.0,-9.966748980556796,-10.766022516812887,-13.699302337764438,-15.61425006460225,-18.261602811734917,0.6768815894407789,0.3043635321901308,0.016198894442067863,0.0023868995604908977,0.00016908436653146502,aggressive,aggressive
200,dress,gravel,aggressive,712.5144908461875,82.32342673440853,-7.918887623445871,691,47,210.19038988498025,85.2,2.1,9.391485505499118,turchet_emotion_generated/dress/gravel/aggressive/dress_gravel_aggressive_0200.wav,14,0.991698835064801,-7.9188877099102095,-24.16313880554491,-33.073725613083724,-8.910586458510672,44100,10.0,-9.47784136161267,-9.919101620838756,-12.98503816199208,-19.405269911994782,-29.652513750997148,0.5976375611680945,0.38441558730605496,0.01791767551958483,2.9174971864550566e-05,1.0344011433311967e-09,aggressive,aggressive
201,dress,gravel,aggressive,383.15165981185794,74.24275057574187,-10.500164937008805,691,47,210.19038988498025,85.2,2.1,9.391485505499118,turchet_emotion_generated/dress/gravel/aggressive/dress_gravel_aggressive_0201.wav,26,0.9043521742949856,-10.500164582308368,-21.48530376720034,-32.88982180063869,-11.40451711130379,44100,10.0,-11.178864919960658,-10.29011180619512,-16.346182805941897,-33.8082523841927,-63.079944488032694,0.2908841235369166,0.7074578846364218,0.001657991783420103,4.32416157752795e-11,8.382384091020407e-24,happy,aggressive
202,dress,gravel,aggressive,844.1767015672851,82.9930561048861,-7.704982367428981,691,47,210.19038988498025,85.2,2.1,9.391485505499118,turchet_emotion_generated/dress/gravel/aggressive/dress_gravel_aggressive_0202.wav,12,1.402620569525756,-7.704982156268635,-25.09105138928089,-34.19865300190481,-9.107602936954738,44100,10.0,-9.718845263769582,-10.204003766713061,-12.114946178447811,-15.548591020764615,-20.73544141812806,0.5849228326401095,0.36007827039080553,0.053270303262014936,0.0017189852942212835,9.608412848872854e-06,aggressive,aggressive
203,dress,gravel,aggressive,733.6264828370034,79.90901212765735,-8.690144078669308,691,47,210.19038988498025,85.2,2.1,9.391485505499118,turchet_emotion_generated/dress/gravel/aggressive/dress_gravel_aggressive_0203.wav,14,0.6657052146675869,-8.690144049632485,-24.00563489244675,-33.3614848419381,-9.355849293336895,44100,10.0,-9.604957360827802,-9.833462508109271,-11.976403023237243,-18.01705343085983,-27.711695913789722,0.529299349306159,0.4211752434230279,0.04940780892498594,0.00011759110072164249,7.245105623777437e-09,aggressive,aggressive
204,dress,gravel,aggressive,712.9043591657037,97.94850344856395,-2.927639953945783,691,47,210.19038988498025,85.2,2.1,9.391485505499118,turchet_emotion_generated/dress/gravel/aggressive/dress_gravel_aggressive_0204.wav,14,1.2770766686752486,-2.9276399899339225,-23.84578834338952,-28.050504925518585,-4.204716622621032,44100,10.0,-10.352464152937316,-11.948044106588913,-21.684640938249103,-25.741556992326267,-32.99440265895629,0.8313912908054912,0.16859857570830633,9.961015707859934e-06,1.7234844489984751e-07,1.2204964428773983e-10,aggressive,aggressive
205,dress,gravel,aggressive,750.0231175457582,82.16668347163409,-7.9689574220999795,691,47,210.19038988498025,85.2,2.1,9.391485505499118,turchet_emotion_generated/dress/gravel/aggressive/dress_gravel_aggressive_0205.wav,14,1.107432923621602,-7.968957810702709,-23.62486033261019,-32.7012496207187,-9.07639034572158,44100,10.0,-9.51728073470506,-9.954077030012094,-12.550384894045722,-18.06516204236158,-26.789839666000542,0.59015750286482,0.38130255209195657,0.02842546208921965,0.00011446435066455667,1.860333902257981e-08,aggressive,aggressive
206,dress,gravel,aggressive,618.7367538128013,76.94448322129755,-9.637128100938398,691,47,210.19038988498025,85.2,2.1,9.391485505499118,turchet_emotion_generated/dress/gravel/aggressive/dress_gravel_aggressive_0206.wav,16,0.7419370132457084,-9.63712818595322,-23.75597816097377,-34.13504421813474,-10.379065114184106,44100,10.0,-9.871151197638044,-9.737087032295959,-12.590264898942978,-21.822330328481733,-37.07722647659963,0.4526103795937085,0.5175446654891974,0.02984203484574258,2.920070659176218e-06,6.922710039540335e-13,happy,aggressive
207,dress,gravel,aggressive,632.0628350600425,73.11421585867528,-10.860662128770144,691,47,210.19038988498025,85.2,2.1,9.391485505499118,turchet_emotion_generated/dress/gravel/aggressive/dress_gravel_aggressive_0207.wav,16,0.6149975763534506,-10.860662943920673,-23.246733596263116,-34.72239396832848,-11.475659705123594,44100,10.0,-10.293045631989479,-9.78124181618882,-11.749269658087115,-20.585445663741837,-35.57049681364142,0.34465567141182507,0.5749882929860605,0.0803443553282725,1.1680270215193826e-05,3.626835554673494e-12,happy,aggressive
208,dress,gravel,aggressive,934.3031572018548,65.84768113790547,-13.18187149969925,691,47,210.19038988498025,85.2,2.1,9.391485505499118,turchet_emotion_generated/dress/gravel/aggressive/dress_gravel_aggressive_0208.wav,11,0.4130162669414701,-13.181871180115037,-25.047660213188596,-38.64254794938481,-13.59488776664072,44100,10.0,-12.21872555191938,-10.841272681295738,-9.020579006671602,-10.764715045925062,-14.95339166479506,0.029588377674369983,0.11731170161667277,0.7245336332119006,0.1266455378995558,0.0019207495975009264,neutral,aggressive
209,dress,gravel,aggressive,717.3765070837595,77.08503034648032,-9.592231968659704,691,47,210.19038988498025,85.2,2.1,9.391485505499118,turchet_emotion_generated/dress/gravel/aggressive/dress_gravel_aggressive_0209.wav,14,0.633945016113902,-9.59223270572148,-24.059313156329,-34.28549097292368,-10.226176984773604,44100,10.0,-9.806882796297595,-9.759978337109855,-11.409200193735602,-17.945304956508416,-28.657903802170775,0.444495183098568,0.46584067541281227,0.08953430256937489,0.00012983602874678326,2.8904978979491046e-09,happy,aggressive
210,dress,gravel,aggressive,540.5199431528243,79.45310673312349,-8.835777714881674,691,47,210.19038988498025,85.2,2.1,9.391485505499118,turchet_emotion_generated/dress/gravel/aggressive/dress_gravel_aggressive_0210.wav,19,1.0979199452649444,-8.835777775042374,-22.51140729270737,-32.44510634187157,-9.93369766014662,44100,10.0,-9.869193549465443,-9.865036955673784,-14.424543644115039,-26.0301131704482,-45.08939188573837,0.49635768757418064,0.49842513865730353,0.0052171262134770476,4.755503862301063e-08,2.5110592693448923e-16,happy,aggressive
211,dress,gravel,aggressive,549.9812847752197,95.30237685861876,-3.772914087115379,691,47,210.19038988498025,85.2,2.1,9.391485505499118,turchet_emotion_generated/dress/gravel/aggressive/dress_gravel_aggressive_0211.wav,19,0.8747632084254302,-3.772913577090304,-22.97005244474068,-27.61772968276973,-4.647677295540809,44100,10.0,-10.229314213648587,-11.494394902102306,-21.98150535956161,-31.329355099342877,-47.10900856315105,0.7798946914803482,0.22009916860905335,6.139375535773027e-06,5.350626543097077e-10,7.505648362251708e-17,aggressive,aggressive
212,dress,gravel,aggressive,915.187646712516,73.2773295717095,-10.8085573644263,691,47,210.19038988498025,85.2,2.1,9.391485505499118,turchet_emotion_generated/dress/gravel/aggressive/dress_gravel_aggressive_0212.wav,11,0.7848749232311519,-10.808556987512212,-24.98057933533981,-36.57401067650192,-11.593432287657452,44100,10.0,-10.800344244679094,-10.28391177026027,-9.32489814838529,-11.789764153109502,-15.989151364297438,0.13465484070773068,0.22568658467910768,0.5888437481635319,0.05006363321011388,0.000751193239515825,neutral,aggressive
213,dress,gravel,aggressive,433.9129540492943,99.63852243958983,-2.387783190060148,691,47,210.19038988498025,85.2,2.1,9.391485505499118,turchet_emotion_generated/dress/gravel/aggressive/dress_gravel_aggressive_0213.wav,23,1.4346979137677511,-2.38778308861748,-21.732014914198704,-25.55449651656774,-3.822481103827899,44100,10.0,-11.355507590998267,-12.635794802630338,-27.342516982166234,-39.81348009288236,-61.42207138800044,0.7824985924240268,0.21750131836561765,8.921001333369955e-08,3.4224975134501025e-13,1.4120535926399955e-22,aggressive,aggressive
214,dress,gravel,aggressive,1022.8281486681389,91.59067005540784,-4.958575333476532,691,47,210.19038988498025,85.2,2.1,9.391485505499118,turchet_emotion_generated/dress/gravel/aggressive/dress_gravel_aggressive_0214.wav,10,1.1571643778626064,-4.958574766152034,-25.311813385589232,-31.42755372421881,-6.115739711339138,44100,10.0,-10.903368526024945,-11.833938083695632,-15.726741100036094,-15.38546736115508,-14.406255734342857,0.6926221485723486,0.2731210361155358,0.005568423814948807,0.007833314868033932,0.020855076629132874,aggressive,aggressive
215,dress,gravel,aggressive,912.1691599221192,75.006990546058,-10.256037433473187,691,47,210.19038988498025,85.2,2.1,9.391485505499118,turchet_emotion_generated/dress/gravel/aggressive/dress_gravel_aggressive_0215.wav,11,1.07790240221667,-10.256037453768618,-24.291321434776854,-35.625261684863176,-11.333939835689858,44100,10.0,-10.568278670820103,-10.235304475597063,-9.594103745759384,-12.126026097262969,-16.244630840805566,0.19018175347941918,0.2653247128516858,0.5037877947440527,0.04005416991130725,0.0006515690135350652,neutral,aggressive
216,dress,gravel,aggressive,784.9884218290576,74.6419665379463,-10.372640075695646,691,47,210.19038988498025,85.2,2.1,9.391485505499118,turchet_emotion_generated/dress/gravel/aggressive/dress_gravel_aggressive_0216.wav,13,0.8572500858893001,-10.372639970542286,-23.83299201804273,-35.06288194730496,-11.229890161584946,44100,10.0,-10.157597491301889,-9.871033708572305,-10.301458910998614,-15.26298997140755,-23.5476804238351,0.3121180110710396,0.41569222372989917,0.27029661692683266,0.001892670655311638,4.776169170155435e-07,happy,aggressive
217,dress,gravel,aggressive,721.0981605544897,79.26933761678659,-8.894480605780872,691,47,210.19038988498025,85.2,2.1,9.391485505499118,turchet_emotion_generated/dress/gravel/aggressive/dress_gravel_aggressive_0217.wav,14,0.5353772513380703,-8.894480604551719,-24.74846871580952,-34.17832549821471,-9.429857857118945,44100,10.0,-9.63533869730591,-9.800333391048355,-11.920433151322182,-18.297815010277915,-28.593718779029132,0.5128637474556812,0.4348562499757468,0.052191296975180886,8.8702597802567e-05,2.9955884407189234e-09,aggressive,aggressive
218,dress,gravel,aggressive,736.6827520271939,75.2219130599349,-10.187382954769774,691,47,210.19038988498025,85.2,2.1,9.391485505499118,turchet_emotion_generated/dress/gravel/aggressive/dress_gravel_aggressive_0218.wav,14,0.8291556227290833,-10.18738304487248,-24.049583436758383,-35.0661229680392,-11.016538577498856,44100,10.0,-10.013724268205463,-9.785562728269975,-10.838080613178262,-16.91676422474417,-27.027301576034972,0.37094599991045585,0.4660151009846612,0.16266618469479172,0.000372699260254522,1.5149836644354008e-08,happy,aggressive
219,dress,gravel,aggressive,700.6312947147577,74.85415559665962,-10.304858767214975,691,47,210.19038988498025,85.2,2.1,9.391485505499118,turchet_emotion_generated/dress/gravel/aggressive/dress_gravel_aggressive_0219.wav,15,0.689348001516592,-10.304859468107225,-23.52710512865189,-34.52131237305309,-10.99420676873157,44100,10.0,-10.03352696300383,-9.755115079903684,-11.15478445497914,-18.13452229965892,-29.800751300939883,0.37775717503094114,0.4990286346624484,0.12309963930919866,0.00011455001472260786,9.826893954860459e-10,happy,aggressive
220,dress,gravel,aggressive,711.4658405567052,81.59708406248582,-8.1509092790713,691,47,210.19038988498025,85.2,2.1,9.391485505499118,turchet_emotion_generated/dress/gravel/aggressive/dress_gravel_aggressive_0220.wav,14,0.5882478711889848,-8.150909363221038,-24.13085486016437,-32.87001078086361,-8.739157150260285,44100,10.0,-9.50402301443242,-9.880009676406791,-12.743218198918974,-19.239547884691426,-29.634401793582256,0.5794192378583213,0.3978359068332487,0.02271058472755834,3.42695325840305e-05,1.0482876953273907e-09,aggressive,aggressive
221,dress,gravel,aggressive,1162.301887524162,91.26647443598762,-5.062135825338142,691,47,210.19038988498025,85.2,2.1,9.391485505499118,turchet_emotion_generated/dress/gravel/aggressive/dress_gravel_aggressive_0221.wav,9,1.0753036463211234,-5.062135295931077,-26.28023202702856,-32.417670915268666,-6.137439471659266,44100,10.0,-12.148192088865562,-12.699120371415862,-15.87141985662696,-14.461334672498587,-11.546397246952528,0.28369500018885857,0.16352590784044593,0.006852900205347437,0.02807156477958568,0.5178546269857623,sad,aggressive
222,dress,gravel,aggressive,730.251653675641,98.28882028411272,-2.818929728492261,691,47,210.19038988498025,85.2,2.1,9.391485505499118,turchet_emotion_generated/dress/gravel/aggressive/dress_gravel_aggressive_0222.wav,14,0.2259623741308151,-2.818929279993716,-24.089006711320305,-27.13390037322585,-3.044892102623076,44100,10.0,-10.414316856532265,-12.035586437390888,-21.76245862573768,-25.309193658217538,-31.753878618994378,0.8349616882555695,0.16502818221371568,9.845350873735368e-06,2.837290114916826e-07,4.5082981409759133e-10,aggressive,aggressive
223,dress,gravel,aggressive,585.0841383332861,79.30393055468147,-8.883430297113103,691,47,210.19038988498025,85.2,2.1,9.391485505499118,turchet_emotion_generated/dress/gravel/aggressive/dress_gravel_aggressive_0223.wav,17,1.3123723042356363,-8.883430514075135,-22.79064030667124,-32.98644346957256,-10.195802601348738,44100,10.0,-9.74972686727928,-9.801092951713306,-13.672261197399761,-23.854462718752394,-40.53893136405926,0.5076857336600678,0.4822663415100036,0.010047544652757248,3.801771499270299e-07,2.15781071056289e-14,aggressive,aggressive
224,dress,gravel,aggressive,627.0750216715458,99.66353958210624,-2.3797917570216462,691,47,210.19038988498025,85.2,2.1,9.391485505499118,turchet_emotion_generated/dress/gravel/aggressive/dress_gravel_aggressive_0224.wav,16,0.5692973506006628,-2.379791763462694,-23.585604812696356,-26.53469318824281,-2.949089107622309,44100,10.0,-10.657848389842629,-12.289575746572572,-24.068429417485394,-30.05322746630774,-40.81664522961117,0.8364050805040566,0.16359366240420786,1.2539358606893817e-06,3.15580786952534e-09,6.677557152644122e-14,aggressive,aggressive
225,dress,gravel,aggressive,906.4900962361068,97.70037631245609,-3.006901260145726,691,47,210.19038988498025,85.2,2.1,9.391485505499118,turchet_emotion_generated/dress/gravel/aggressive/dress_gravel_aggressive_0225.wav,11,0.3283479623273961,-3.006901324715892,-25.282853373023343,-28.61810322825601,-3.335249222473122,44100,10.0,-10.837050300907674,-12.34866574867802,-20.06796655270635,-20.139723038260442,-20.605541221750318,0.8191351492414399,0.18066304019662466,8.024529370031536e-05,7.468891064595929e-05,4.687635758888993e-05,aggressive,aggressive
226,dress,gravel,aggressive,455.8946645694904,82.08271198146493,-7.99578113069858,691,47,210.19038988498025,85.2,2.1,9.391485505499118,turchet_emotion_generated/dress/gravel/aggressive/dress_gravel_aggressive_0226.wav,22,0.8935406826601776,-7.995781046212734,-22.097121141805488,-30.98644258973485,-8.889321813358757,44100,10.0,-10.106342487943332,-10.168298514737355,-16.798680622665024,-31.21933786492825,-54.876469212442245,0.5151546661309655,0.484206346384342,0.0006389871358091242,3.48883354353348e-10,1.855746488079357e-20,aggressive,aggressive
227,dress,gravel,aggressive,482.9580175474499,83.63035144877851,-7.501405837330759,691,47,210.19038988498025,85.2,2.1,9.391485505499118,turchet_emotion_generated/dress/gravel/aggressive/dress_gravel_aggressive_0227.wav,21,0.7247500577779618,-7.501405621700269,-22.525725482405235,-30.75188185341633,-8.226155895108722,44100,10.0,-9.92949237927381,-10.188902051117044,-16.85462915472683,-30.17283690755214,-51.96094846576069,0.5641781841324327,0.4352673583007565,0.0005544566551285842,9.116821773444825e-10,3.1433073203343485e-19,aggressive,aggressive
228,dress,gravel,aggressive,787.9818072518441,74.35461903829014,-10.464429867466473,691,47,210.19038988498025,85.2,2.1,9.391485505499118,turchet_emotion_generated/dress/gravel/aggressive/dress_gravel_aggressive_0228.wav,13,0.5169226327922352,-10.464430143638044,-24.84236917746426,-35.82372237629015,-10.981352500258708,44100,10.0,-10.198932198612694,-9.88213759771073,-10.231509056317527,-15.125385395814266,-23.326947519151293,0.2986926692068918,0.41002157632464054,0.2891189875165526,0.002166172933440988,5.94018474077424e-07,happy,aggressive
229,dress,gravel,aggressive,812.8189310300145,74.94966978175148,-10.274347879974847,691,47,210.19038988498025,85.2,2.1,9.391485505499118,turchet_emotion_generated/dress/gravel/aggressive/dress_gravel_aggressive_0229.wav,13,1.1573302269672596,-10.274348098902616,-24.145992968349287,-35.57767250108032,-11.431678106942108,44100,10.0,-10.189272689228224,-9.926721542430283,-10.13649557853059,-14.504564802595262,-21.75235338480544,0.2969288844765512,0.386079694551076,0.3130208415113461,0.003967755424518726,2.8240365080548745e-06,happy,aggressive
230,dress,gravel,aggressive,608.0996785275788,87.37047891813171,-6.306665942189615,691,47,210.19038988498025,85.2,2.1,9.391485505499118,turchet_emotion_generated/dress/gravel/aggressive/dress_gravel_aggressive_0230.wav,17,0.6481878618083683,-6.306666240655777,-22.646098169181915,-29.60095217610117,-6.954853803997983,44100,10.0,-9.530178506228962,-10.310712393749249,-16.426786206745707,-25.24363258410703,-39.54034936016892,0.6853198394887702,0.31398705556113377,0.0006930022366796014,1.027133530390816e-07,6.348069920948949e-14,aggressive,aggressive
231,dress,gravel,aggressive,742.0226093931465,70.08089149558396,-11.829622053581351,691,47,210.19038988498025,85.2,2.1,9.391485505499118,turchet_emotion_generated/dress/gravel/aggressive/dress_gravel_aggressive_0231.wav,14,1.1929000128732437,-11.829621422727364,-24.7352705612235,-37.757793251762095,-13.022522066454597,44100,10.0,-10.75100396500971,-9.974567774098595,-10.21495483836484,-16.033545411956435,-26.369540326329737,0.2045813148701439,0.4447008082746608,0.3496786713117414,0.0010391718285591891,3.371489476332534e-08,happy,aggressive
232,dress,gravel,aggressive,915.4487263313614,87.15885714815698,-6.374266036929945,691,47,210.19038988498025,85.2,2.1,9.391485505499118,turchet_emotion_generated/dress/gravel/aggressive/dress_gravel_aggressive_0232.wav,11,1.017108219837351,-6.37426624956224,-24.89434754050103,-32.28572239878021,-7.391374256767295,44100,10.0,-10.017582830963311,-10.78588402577169,-13.544367076952838,-15.301693073810078,-17.67171828365221,0.6672248078163786,0.30945906990772715,0.01961594559684451,0.003383859051692818,0.0003163176273568608,aggressive,aggressive
233,dress,gravel,aggressive,670.7758282955187,83.0597046379144,-7.683692274507278,691,47,210.19038988498025,85.2,2.1,9.391485505499118,turchet_emotion_generated/dress/gravel/aggressive/dress_gravel_aggressive_0233.wav,15,0.7662618128283465,-7.683692287269775,-23.43039849303878,-31.880351175737395,-8.449954087335625,44100,10.0,-9.456291889600088,-9.93891116559572,-13.7342379542279,-21.193819450637854,-33.17572188506922,0.6131042976220644,0.3783863593912723,0.008504445270346293,4.8976856751452115e-06,3.064197821314752e-11,aggressive,aggressive
234,dress,gravel,aggressive,1161.3394652155907,73.52310750387778,-10.730046483898068,691,47,210.19038988498025,85.2,2.1,9.391485505499118,turchet_emotion_generated/dress/gravel/aggressive/dress_gravel_aggressive_0234.wav,9,0.7656986787115917,-10.730046342710017,-25.81234069561548,-37.3080860314833,-11.49574516260966,44100,10.0,-12.702265076657707,-11.68647532694105,-9.48697102199154,-9.369848324856784,-9.023837892422156,0.010388294784786417,0.028687727571035916,0.2587788214177497,0.29093399572593265,0.4112111605004952,sad,aggressive
235,dress,gravel,aggressive,676.4061607916167,81.45789764337457,-8.19537074973952,691,47,210.19038988498025,85.2,2.1,9.391485505499118,turchet_emotion_generated/dress/gravel/aggressive/dress_gravel_aggressive_0235.wav,15,0.4447205768977305,-8.195370819773265,-23.996616100699168,-32.6367076750812,-8.64009132663725,44100,10.0,-9.507488611886258,-9.851932352631351,-13.09572809186003,-20.51708901185623,-32.472745565025875,0.5759446621154148,0.4081226910754748,0.01592311939932202,9.527348595990568e-06,6.119224508372441e-11,aggressive,aggressive
236,dress,gravel,aggressive,870.270291865366,88.9894687491812,-5.789498611174249,691,47,210.19038988498025,85.2,2.1,9.391485505499118,turchet_emotion_generated/dress/gravel/aggressive/dress_gravel_aggressive_0236.wav,12,0.6754120410686558,-5.789498972358124,-24.748449151459702,-31.21335970177238,-6.464910652242905,44100,10.0,-9.87081537349978,-10.826811658308062,-14.671391467072429,-16.963804480053415,-20.32592575866167,0.7176104697298565,0.2758702415221382,0.005902351359288045,0.0005962696949330035,2.066769378431271e-05,aggressive,aggressive
237,dress,gravel,aggressive,882.0586891962009,86.79387763485485,-6.490854465806853,691,47,210.19038988498025,85.2,2.1,9.391485505499118,turchet_emotion_generated/dress/gravel/aggressive/dress_gravel_aggressive_0237.wav,12,0.4794926478819621,-6.490854477612938,-24.36989308711312,-31.340240894810837,-6.970347113688815,44100,10.0,-9.853217486200748,-10.627434791560855,-13.514126167923909,-15.877009985357384,-19.269458649798928,0.6714674272843826,0.30958980204187925,0.017262850551996875,0.0016252684599102974,5.465166183084796e-05,aggressive,aggressive
238,dress,gravel,aggressive,1258.7353987620352,86.79022824781238,-6.492020219735878,691,47,210.19038988498025,85.2,2.1,9.391485505499118,turchet_emotion_generated/dress/gravel/aggressive/dress_gravel_aggressive_0238.wav,8,0.917743301553932,-6.492020285903845,-26.78077950040892,-34.190542316455705,-7.409763521289809,44100,10.0,-13.087873888792728,-12.963933427151243,-14.130595845211266,-13.085204984186952,-10.456239602484658,0.05752555990740008,0.06511596978992198,0.020277409071459147,0.05767929520034718,0.7994017660308717,sad,aggressive
239,dress,gravel,aggressive,724.7711143814253,81.94073156103312,-8.04113511234994,691,47,210.19038988498025,85.2,2.1,9.391485505499118,turchet_emotion_generated/dress/gravel/aggressive/dress_gravel_aggressive_0239.wav,14,0.943854494316372,-8.041134961127181,-23.902230405313347,-32.88722123368451,-8.984989606666312,44100,10.0,-9.498821705662932,-9.91032616243126,-12.720831980023663,-18.861298996871035,-28.646786687407637,0.5873324336033962,0.389197345220149,0.023419774077875752,5.0444260474191485e-05,2.8381049608833554e-09,aggressive,aggressive
240,dress,gravel,aggressive,803.5451468578983,81.21960271751358,-8.27149127158501,691,47,210.19038988498025,85.2,2.1,9.391485505499118,turchet_emotion_generated/dress/gravel/aggressive/dress_gravel_aggressive_0240.wav,13,0.5134672944256231,-8.271491430825339,-24.318930930514888,-33.10388985104164,-8.784958566010634,44100,10.0,-9.658860446687221,-10.005166585907935,-11.770502565467872,-16.1499612564264,-22.983705101023816,0.5464918434213991,0.3865314527698101,0.06614684955179462,0.0008289616152804833,8.92641715579605e-07,aggressive,aggressive
241,dress,gravel,aggressive,779.1678944030984,98.69333357811028,-2.689712696609278,691,47,210.19038988498025,85.2,2.1,9.391485505499118,turchet_emotion_generated/dress/gravel/aggressive/dress_gravel_aggressive_0241.wav,13,0.8576375239373866,-2.689713150600912,-24.57850813984973,-28.12585896822483,-3.5473502205466643,44100,10.0,-10.545813639413208,-12.193997524403596,-21.619583439050082,-23.927990489616622,-28.345652203325365,0.8386334371028871,0.16135224326181968,1.3010532032603272e-05,1.293500533705493e-06,1.5602726904078445e-08,aggressive,aggressive
242,dress,gravel,aggressive,790.7701020737776,83.37847778252798,-7.581863928684799,691,47,210.19038988498025,85.2,2.1,9.391485505499118,turchet_emotion_generated/dress/gravel/aggressive/dress_gravel_aggressive_0242.wav,13,0.5487813648918173,-7.5818635228168,-24.010558556681104,-32.1412044334277,-8.130645293576617,44100,10.0,-9.557157101414816,-10.098165480645063,-12.641377711030048,-17.14016700460435,-24.12732291214294,0.6140861147535037,0.3574969358770464,0.028104074356973693,0.00031258628596349437,2.887265128043782e-07,aggressive,aggressive
243,dress,gravel,aggressive,892.5456469822026,85.60679020200325,-6.870055636534266,691,47,210.19038988498025,85.2,2.1,9.391485505499118,turchet_emotion_generated/dress/gravel/aggressive/dress_gravel_aggressive_0243.wav,12,0.6884842946955265,-6.87005537507314,-24.355759182918234,-31.914299843117867,-7.558539931229792,44100,10.0,-9.88634997953728,-10.553994749130062,-12.922778330117307,-15.235354134870668,-18.515734053080934,0.6386295966597972,0.327562820754182,0.030658080785345314,0.003035330971213655,0.00011417082946178,aggressive,aggressive
244,dress,gravel,aggressive,973.999390465924,87.17422283706556,-6.369357647655562,691,47,210.19038988498025,85.2,2.1,9.391485505499118,turchet_emotion_generated/dress/gravel/aggressive/dress_gravel_aggressive_0244.wav,11,1.24288178829212,-6.36935736695931,-24.60348926316348,-32.2157270184892,-7.612239435947682,44100,10.0,-10.35417966561615,-11.041321606872973,-13.39306753035194,-14.284817752977798,-15.169250091154955,0.6334576234269177,0.3186365665508965,0.030335093390036937,0.012435496665454427,0.005135219966694429,aggressive,aggressive
245,dress,gravel,aggressive,776.6687494749076,80.52393617513384,-8.493713797075486,691,47,210.19038988498025,85.2,2.1,9.391485505499118,turchet_emotion_generated/dress/gravel/aggressive/dress_gravel_aggressive_0245.wav,13,0.5169879987220967,-8.493713689169228,-24.49868492014989,-33.50938693256638,-9.010701795797583,44100,10.0,-9.632708249767235,-9.920993142358459,-11.76413213082651,-16.768447404700467,-24.685782918886794,0.535041856836234,0.4010395650187159,0.06349245626425924,0.00042596667050678877,1.5521028420441292e-07,aggressive,aggressive
246,dress,gravel,aggressive,837.9695793289231,90.80074291101516,-5.21090830378144,691,47,210.19038988498025,85.2,2.1,9.391485505499118,turchet_emotion_generated/dress/gravel/aggressive/dress_gravel_aggressive_0246.wav,12,0.539831046203732,-5.210908708357168,-24.65355363748056,-30.40429349848258,-5.750739349985172,44100,10.0,-9.847974388459603,-10.961288645460057,-15.85809754119688,-18.491372354713278,-22.546512918990807,0.7512574240270347,0.24676441869463867,0.001843424927947295,0.00013243681725106784,2.295533128382482e-06,aggressive,aggressive
247,dress,gravel,aggressive,798.368510553758,83.94160397304243,-7.401979865556112,691,47,210.19038988498025,85.2,2.1,9.391485505499118,turchet_emotion_generated/dress/gravel/aggressive/dress_gravel_aggressive_0247.wav,13,0.2511219111260478,-7.401979969982789,-24.197694988263585,-31.850796413595734,-7.65310177668216,44100,10.0,-9.565137628129495,-10.152795866431477,-12.801931073892856,-17.088796156395905,-23.71319748503361,0.6267794833895296,0.3482555465092767,0.02462596395998385,0.00033855668183178125,4.494593781773552e-07,aggressive,aggressive
248,dress,gravel,aggressive,885.9633235672472,83.33995849242302,-7.594168464559045,691,47,210.19038988498025,85.2,2.1,9.391485505499118,turchet_emotion_generated/dress/gravel/aggressive/dress_gravel_aggressive_0248.wav,12,0.6880356688908945,-7.594168885193028,-25.202844711389343,-33.485048818108325,-8.28220413344994,44100,10.0,-9.875487324435591,-10.357903709731879,-12.017998369466238,-14.656309277469012,-18.485783462283436,0.5736507056355868,0.35410883133246546,0.06732351890644603,0.004812413528224423,0.00010453059727717981,aggressive,aggressive
249,dress,gravel,aggressive,518.540827453688,86.50146248979001,-6.584263057523344,691,47,210.19038988498025,85.2,2.1,9.391485505499118,turchet_emotion_generated/dress/gravel/aggressive/dress_gravel_aggressive_0249.wav,19,0.7155597764211812,-6.584263026845982,-23.29780474364646,-30.597627624727764,-7.299822833944526,44100,10.0,-9.771898505871288,-10.343548364942388,-17.439147620997915,-29.22989225863241,-48.48255195970834,0.6389526993009249,0.3607483304201687,0.0002989680144216364,2.2644847142768374e-09,9.854748002035904e-18,aggressive,aggressive
250,dress,gravel,aggressive,1179.7615383467426,76.09424210645341,-9.908727662375068,691,47,210.19038988498025,85.2,2.1,9.391485505499118,turchet_emotion_generated/dress/gravel/aggressive/dress_gravel_aggressive_0250.wav,9,0.5580477634548192,-9.908728414098888,-26.08160020845526,-36.54837594058208,-10.466775425829889,44100,10.0,-12.599307470729851,-11.789514749330685,-10.007996117240761,-9.817778229870264,-9.060046078575882,0.014885412261396943,0.033454102069179335,0.19867951398293968,0.24030547617110146,0.5126754955153826,sad,aggressive
251,dress,gravel,aggressive,602.9244425073698,80.68417538623854,-8.442527258691053,691,47,210.19038988498025,85.2,2.1,9.391485505499118,turchet_emotion_generated/dress/gravel/aggressive/dress_gravel_aggressive_0251.wav,17,0.7035824814188208,-8.44252777892359,-23.348061777323014,-32.49417119051049,-9.146109740109871,44100,10.0,-9.629091033271953,-9.832336620553747,-13.819005222188586,-23.387312731857044,-38.975579405197934,0.5460821103347313,0.44564548639413964,0.008271824991014318,5.782800165420276e-07,9.822905954875477e-14,aggressive,aggressive
252,dress,gravel,aggressive,788.6965590241406,85.0065612247821,-7.061791750124503,691,47,210.19038988498025,85.2,2.1,9.391485505499118,turchet_emotion_generated/dress/gravel/aggressive/dress_gravel_aggressive_0252.wav,13,0.1779337027765028,-7.061791672106189,-24.724015841719357,-31.96374129588098,-7.239725452901006,44100,10.0,-9.53392607527526,-10.213865137149334,-13.318185821514014,-17.714442607069515,-24.52559181313479,0.6537426492714421,0.3312173179026702,0.014856745806001664,0.0001830853648304848,2.0165505546053576e-07,aggressive,aggressive
253,dress,gravel,aggressive,583.8902713421445,82.53565148702731,-7.851094912965346,691,47,210.19038988498025,85.2,2.1,9.391485505499118,turchet_emotion_generated/dress/gravel/aggressive/dress_gravel_aggressive_0253.wav,17,0.8940675645904337,-7.851094456039384,-23.138799659283013,-31.883961560414942,-8.74516247755578,44100,10.0,-9.59577474419679,-9.940368271400592,-14.730787878414258,-24.7635183736707,-41.07241014575113,0.5832959722567599,0.41327002853647105,0.003433848330251125,1.5087650539467946e-07,1.2466941276202958e-14,aggressive,aggressive
254,dress,gravel,aggressive,1097.034744288753,71.6098414170631,-11.341216916635592,691,47,210.19038988498025,85.2,2.1,9.391485505499118,turchet_emotion_generated/dress/gravel/aggressive/dress_gravel_aggressive_0254.wav,9,0.3396409242096766,-11.341216049261696,-26.305531999942808,-37.98638881127448,-11.680857840845269,44100,10.0,-12.338527470931044,-11.300671041355544,-9.042295660859239,-9.284958234963273,-9.849635100620645,0.01560729710700774,0.04406187947928018,0.4215634830123093,0.3307318096242384,0.18803553077716428,neutral,aggressive
255,dress,gravel,aggressive,752.3801182002776,77.48982097205091,-9.462926346455347,691,47,210.19038988498025,85.2,2.1,9.391485505499118,turchet_emotion_generated/dress/gravel/aggressive/dress_gravel_aggressive_0255.wav,14,0.7875213641808775,-9.462926369717708,-24.41577512432427,-34.66622195428192,-10.250447710636225,44100,10.0,-9.805332915723712,-9.80597226793432,-11.152792999090703,-16.83069338344871,-26.06478572092207,0.4424486016422611,0.442165811561585,0.11499219078656912,0.0003933575971183016,3.8412466524676205e-08,aggressive,aggressive
256,dress,gravel,aggressive,706.8538170550834,82.69990341996395,-7.798626557610767,691,47,210.19038988498025,85.2,2.1,9.391485505499118,turchet_emotion_generated/dress/gravel/aggressive/dress_gravel_aggressive_0256.wav,14,0.8403802521848731,-7.798626211223971,-24.11082749849176,-32.74983356813447,-8.63900680979564,44100,10.0,-9.463972402543828,-9.936080071223824,-13.182938960145748,-19.71926726923714,-30.15418167257734,0.6068032763296539,0.37845492532466884,0.014720455972514127,2.1341745965785746e-05,6.271973310772626e-10,aggressive,aggressive
257,dress,gravel,aggressive,903.0577559751116,89.99216549432475,-5.469198885037283,691,47,210.19038988498025,85.2,2.1,9.391485505499118,turchet_emotion_generated/dress/gravel/aggressive/dress_gravel_aggressive_0257.wav,11,0.3161197934135585,-5.469199288302428,-25.29584056816289,-31.08115912738901,-5.7853186784508415,44100,10.0,-10.064804140722941,-11.064748209495846,-15.0586491144139,-16.63650839568774,-18.839503547787082,0.7266208449990322,0.2673238217330194,0.004926160267045431,0.0010168407866265412,0.00011233221427646381,aggressive,aggressive
258,dress,gravel,aggressive,723.0796843319029,88.95141499804316,-5.801654436080465,691,47,210.19038988498025,85.2,2.1,9.391485505499118,turchet_emotion_generated/dress/gravel/aggressive/dress_gravel_aggressive_0258.wav,14,0.6059646227525396,-5.801654902099979,-24.0555043971434,-30.463124558872828,-6.407619058833005,44100,10.0,-9.517120589258138,-10.507968002435504,-15.804819771857291,-21.26259124155993,-29.979218899309227,0.7282637463659096,0.27037661525196566,0.0013538658448264658,5.7715916876866404e-06,9.456105451947651e-10,aggressive,aggressive
259,dress,gravel,aggressive,701.9013476381067,93.98681852522174,-4.19315378166425,691,47,210.19038988498025,85.2,2.1,9.391485505499118,turchet_emotion_generated/dress/gravel/aggressive/dress_gravel_aggressive_0259.wav,15,0.6736175700735457,-4.193153341308572,-23.904592756663597,-28.771362540821727,-4.866771351737796,44100,10.0,-9.864727325933886,-11.206435240059996,-19.008692879618085,-24.175954319633906,-32.79472472407048,0.7927031281918769,0.20721167844708377,8.471041109347497e-05,4.828627010225515e-07,8.724473582640675e-11,aggressive,aggressive
260,dress,gravel,aggressive,788.4334588819304,70.54446780452386,-11.681538033645912,691,47,210.19038988498025,85.2,2.1,9.391485505499118,turchet_emotion_generated/dress/gravel/aggressive/dress_gravel_aggressive_0260.wav,13,0.6036679694454987,-11.681537913925965,-24.699402052982705,-36.98460812210227,-12.28520600309141,44100,10.0,-10.750732843005785,-10.02531213896528,-9.824510936210874,-14.603262044528872,-23.111263152706613,0.1781965214425663,0.36808272104703565,0.4499375975857182,0.0037823964597100087,7.634649698406097e-07,neutral,aggressive
261,dress,gravel,aggressive,582.6511696936617,91.36064024237248,-5.032055661876337,691,47,210.19038988498025,85.2,2.1,9.391485505499118,turchet_emotion_generated/dress/gravel/aggressive/dress_gravel_aggressive_0261.wav,18,1.0206478988407528,-5.032055224511039,-23.163593442004977,-29.216297234526568,-6.05270356071709,44100,10.0,-9.773709656019403,-10.821494340298836,-18.94786060337073,-27.973487813447676,-42.833438555080555,0.7402924367943254,0.259630796586096,7.675738663374749e-05,9.232941562089982e-09,3.2489683327064886e-15,aggressive,aggressive
262,dress,gravel,aggressive,862.624587678318,82.62612914984739,-7.822192883749489,691,47,210.19038988498025,85.2,2.1,9.391485505499118,turchet_emotion_generated/dress/gravel/aggressive/dress_gravel_aggressive_0262.wav,12,0.5561463251391642,-7.822193121099489,-24.85221523783483,-33.23055389262676,-8.378339208888653,44100,10.0,-9.796602090515387,-10.236723532160392,-11.87079465123115,-14.984033803931815,-19.63228827821809,0.5632990701592354,0.36274106259848854,0.07078294872533551,0.00314677771540846,3.014080153205075e-05,aggressive,aggressive
263,dress,gravel,aggressive,624.0088350414264,76.72030384662281,-9.708739575356413,691,47,210.19038988498025,85.2,2.1,9.391485505499118,turchet_emotion_generated/dress/gravel/aggressive/dress_gravel_aggressive_0263.wav,16,0.8340398463894872,-9.70873959589628,-23.746705710525266,-34.28948473074895,-10.542779421745898,44100,10.0,-9.8841105356995,-9.733692517207622,-12.468151757108522,-21.548803794025964,-36.5683623507997,0.44686805683747,0.5194036853866257,0.03372441833907512,3.8394356775790594e-06,1.151744095215138e-12,happy,aggressive
264,dress,gravel,aggressive,759.580811575612,88.2769104892372,-6.017116997911929,691,47,210.19038988498025,85.2,2.1,9.391485505499118,turchet_emotion_generated/dress/gravel/aggressive/dress_gravel_aggressive_0264.wav,13,0.9139256292799732,-6.017117395615292,-24.77817232742659,-31.709215221140514,-6.931042627191902,44100,10.0,-9.532593380866697,-10.478020735448354,-15.099279672036289,-19.772986418433224,-27.135775324213622,0.718198690545995,0.2790298886787574,0.002745765666443509,2.5638842839305466e-05,1.6265964758429307e-08,aggressive,aggressive
265,dress,gravel,aggressive,668.1126157356841,77.00521771283668,-9.617727179272627,691,47,210.19038988498025,85.2,2.1,9.391485505499118,turchet_emotion_generated/dress/gravel/aggressive/dress_gravel_aggressive_0265.wav,15,1.2720839074597154,-9.617727465542613,-23.704295258656263,-34.594107893123585,-10.889811086732342,44100,10.0,-9.812316873516092,-9.730389833739688,-11.954748958021852,-19.78232027583266,-32.674191609130105,0.4539692346299688,0.492727592386187,0.053281935158085686,2.1237772272451978e-05,5.348603179910304e-11,happy,aggressive
266,dress,gravel,aggressive,809.6266317287474,84.07131846809733,-7.360544090040424,691,47,210.19038988498025,85.2,2.1,9.391485505499118,turchet_emotion_generated/dress/gravel/aggressive/dress_gravel_aggressive_0266.wav,13,0.6635020080865965,-7.360544368068213,-24.190481598067013,-32.214528025475246,-8.02404609812702,44100,10.0,-9.592176792518035,-10.187388433463122,-12.768531999660723,-16.805909353916494,-23.007457659786958,0.627383570053319,0.3459680629252925,0.026185423498255506,0.00046200736182554783,9.361613075485633e-07,aggressive,aggressive
267,dress,gravel,aggressive,507.8982406709424,87.4309047241164,-6.287363626507188,691,47,210.19038988498025,85.2,2.1,9.391485505499118,turchet_emotion_generated/dress/gravel/aggressive/dress_gravel_aggressive_0267.wav,20,0.8280995693183364,-6.287363689211201,-22.70066091656069,-29.81612409387764,-7.115463195825525,44100,10.0,-9.833336165544935,-10.458482177977189,-18.06958722460975,-30.11539809080147,-49.81940034740599,0.6512756525612983,0.34855183953206254,0.00017250689418085025,1.0124585842616415e-09,2.805677927259267e-18,aggressive,aggressive
268,dress,gravel,aggressive,858.8766318212575,62.57523900952312,-14.227214792770257,691,47,210.19038988498025,85.2,2.1,9.391485505499118,turchet_emotion_generated/dress/gravel/aggressive/dress_gravel_aggressive_0268.wav,12,0.9526506109462342,-14.227214805415851,-24.899498650646585,-40.07936239646348,-15.179865403716487,44100,10.0,-12.646458869095593,-10.945185054707585,-9.692041072248989,-12.351487131361951,-18.836661359802967,0.03701426762979043,0.20287241102403888,0.7103240304052322,0.04971343346688687,7.585747405161314e-05,neutral,aggressive
269,dress,gravel,aggressive,784.6705805641138,87.37929928894926,-6.303848378084645,691,47,210.19038988498025,85.2,2.1,9.391485505499118,turchet_emotion_generated/dress/gravel/aggressive/dress_gravel_aggressive_0269.wav,13,0.5769598391254583,-6.303848567580546,-24.510155378195343,-31.39096327375928,-6.880808217210103,44100,10.0,-9.551918348816743,-10.425488105037749,-14.434170955565202,-18.655592836984308,-25.219755717361732,0.7016805278706796,0.2929226133045934,0.005318682408958256,7.806634193010075e-05,1.100738386835898e-07,aggressive,aggressive
270,dress,gravel,aggressive,528.8994114400123,71.80951849492807,-11.27743241382779,691,47,210.19038988498025,85.2,2.1,9.391485505499118,turchet_emotion_generated/dress/gravel/aggressive/dress_gravel_aggressive_0270.wav,19,0.3082435885295734,-11.277432577019471,-23.409227644506707,-34.99490470959969,-11.585676002357364,44100,10.0,-10.739543688806286,-9.941002246054138,-13.191489526527429,-25.218617068630568,-45.720003101159676,0.30225875849182055,0.671708797443371,0.02603228839756938,1.5566723887576584e-07,1.9433829892250764e-16,happy,aggressive
271,dress,gravel,aggressive,576.286846412163,88.08879795967891,-6.077207341270752,691,47,210.19038988498025,85.2,2.1,9.391485505499118,turchet_emotion_generated/dress/gravel/aggressive/dress_gravel_aggressive_0271.wav,17,0.5927442792472442,-6.077207099215235,-22.83627261831033,-29.506224236012653,-6.669951620517995,44100,10.0,-9.621928484369656,-10.416385896408197,-17.257380120809692,-26.961615016586563,-42.77101988115125,0.6885585247962734,0.31110886708275415,0.00033258782495901074,2.029601058115386e-08,2.7635885570774662e-15,aggressive,aggressive
272,dress,gravel,aggressive,471.8410146857564,72.29196638045828,-11.12332008987828,691,47,210.19038988498025,85.2,2.1,9.391485505499118,turchet_emotion_generated/dress/gravel/aggressive/dress_gravel_aggressive_0272.wav,22,0.783338520413563,-11.1233205100394,-22.105781896028272,-34.012439335183494,-11.906658610291842,44100,10.0,-10.913816215298823,-10.050610940371627,-14.27021414512238,-28.30473282215913,-52.09583911930512,0.2936333198738909,0.6961304371942464,0.010236234708939834,8.222922891031376e-09,3.8254280193757227e-19,happy,aggressive
273,dress,gravel,aggressive,904.3050114171916,78.75263624025227,-9.059534806066363,691,47,210.19038988498025,85.2,2.1,9.391485505499118,turchet_emotion_generated/dress/gravel/aggressive/dress_gravel_aggressive_0273.wav,11,0.5995309163626155,-9.059534578353052,-26.122638079928127,-35.78170351578064,-9.65906572242898,44100,10.0,-10.176271260998963,-10.222457483130338,-10.44517410793078,-13.042360301896377,-16.964569391057264,0.3600840208762727,0.34383131488872715,0.27518250954575846,0.020496381423652496,0.00040577326558920363,aggressive,aggressive
274,dress,gravel,aggressive,757.0102077137278,64.04816510843825,-13.756705809483424,691,47,210.19038988498025,85.2,2.1,9.391485505499118,turchet_emotion_generated/dress/gravel/aggressive/dress_gravel_aggressive_0274.wav,14,0.7795758349106408,-13.756705737904689,-23.936161147733017,-38.47244229815162,-14.536281644394064,44100,10.0,-12.011289717131682,-10.528377720301602,-10.263161729202844,-15.233855487367746,-25.29015918615054,0.08936988938946605,0.39374197719441323,0.5133263514890697,0.0035616290819637827,1.5284508722492067e-07,neutral,aggressive
275,dress,gravel,aggressive,833.5584087209603,91.73899467291508,-4.911194772407554,691,47,210.19038988498025,85.2,2.1,9.391485505499118,turchet_emotion_generated/dress/gravel/aggressive/dress_gravel_aggressive_0275.wav,12,0.5467728924994582,-4.911194745356524,-24.56134388015154,-30.01931190412933,-5.457967664907012,44100,10.0,-9.898090265794693,-11.081174276501205,-16.436479894257964,-19.004593418278166,-23.02200648183635,0.7645889480328781,0.23421848021307898,0.0011062199333973309,8.482501547313508e-05,1.5268051722507858e-06,aggressive,aggressive
276,dress,gravel,aggressive,873.8321522591802,78.1809020297367,-9.242168600319935,691,47,210.19038988498025,85.2,2.1,9.391485505499118,turchet_emotion_generated/dress/gravel/aggressive/dress_gravel_aggressive_0276.wav,12,0.8356397238884666,-9.242168635267989,-25.2138489327834,-35.29165656798209,-10.077808324208402,44100,10.0,-10.083301250492598,-10.104367247279411,-10.438209532356181,-13.580752417317864,-18.469868979783534,0.3688819377977555,0.3611923508574982,0.258673942467068,0.011167697666589095,8.407121108931727e-05,aggressive,aggressive
277,dress,gravel,aggressive,507.52557088557126,85.36383107539108,-6.947666082656952,691,47,210.19038988498025,85.2,2.1,9.391485505499118,turchet_emotion_generated/dress/gravel/aggressive/dress_gravel_aggressive_0277.wav,20,0.7230362547274644,-6.9476662459029495,-22.32107587615768,-29.9917775695132,-7.670702337384417,44100,10.0,-9.806820483717534,-10.26396278504365,-17.121935718697507,-29.414094704513325,-49.48736367002683,0.6120866354316891,0.3875060774181916,0.00040728528166754114,1.868451794968839e-09,3.579084502883603e-18,aggressive,aggressive
278,dress,gravel,aggressive,703.2297706816424,81.09127648900639,-8.312483581619047,691,47,210.19038988498025,85.2,2.1,9.391485505499118,turchet_emotion_generated/dress/gravel/aggressive/dress_gravel_aggressive_0278.wav,15,0.8971721558214922,-8.312482956393364,-23.72690323645172,-32.93655902347468,-9.20965573744054,44100,10.0,-9.523087720679916,-9.849719611707734,-12.664924296049591,-19.4028264253336,-30.221381653011775,0.5666994449055647,0.40878820781776054,0.02448333074624931,2.901594939620248e-05,5.810291851862425e-10,aggressive,aggressive
279,dress,gravel,aggressive,413.9691880353608,93.09973110923816,-4.47652346225338,691,47,210.19038988498025,85.2,2.1,9.391485505499118,turchet_emotion_generated/dress/gravel/aggressive/dress_gravel_aggressive_0279.wav,25,0.996414982937702,-4.476523390506085,-21.764505047270596,-27.237443873895003,-5.472938445191081,44100,10.0,-10.648029624035694,-11.469536243633032,-23.0741152827242,-37.70618777397606,-62.08172204323665,0.6945541243294914,0.30544308874183906,2.7869274379199403e-06,1.2316783838526876e-12,3.194017512254214e-23,aggressive,aggressive
280,dress,gravel,aggressive,699.6458775860722,86.74475503155072,-6.50654610583825,691,47,210.19038988498025,85.2,2.1,9.391485505499118,turchet_emotion_generated/dress/gravel/aggressive/dress_gravel_aggressive_0280.wav,15,1.1139276083552276,-6.506546154838217,-23.813803192760226,-31.434277438337187,-7.620473714193478,44100,10.0,-9.440067867983817,-10.24886852874726,-14.957280846400662,-21.29035865932661,-31.39728133131842,0.6899330076268806,0.30729058833858336,0.002771480140021355,4.92369364710893e-06,2.0086777908252754e-10,aggressive,aggressive
281,dress,gravel,aggressive,397.0622811686205,79.94539996992457,-8.678520408831588,691,47,210.19038988498025,85.2,2.1,9.391485505499118,turchet_emotion_generated/dress/gravel/aggressive/dress_gravel_aggressive_0281.wav,25,1.8758924058075064,-8.678520370543412,-21.785128000682583,-32.33954160901811,-10.554412814639097,44100,10.0,-10.560029247005227,-10.273167641507097,-17.320662095631825,-34.11806839016261,-61.82202241216289,0.42855949222875794,0.570944023378818,0.0004964843672540491,2.5170086871451057e-11,2.3399703572888446e-23,happy,aggressive
282,dress,gravel,aggressive,656.6663589230347,82.32413814110357,-7.918660372913046,691,47,210.19038988498025,85.2,2.1,9.391485505499118,turchet_emotion_generated/dress/gravel/aggressive/dress_gravel_aggressive_0282.wav,16,0.8193996571970642,-7.9186603165279665,-23.26861087062653,-32.00667117449922,-8.73806003011011,44100,10.0,-9.485920534552296,-9.892918708769374,-13.639708962262773,-21.54293576045777,-34.28430008799458,0.5947580347127149,0.3958979532647313,0.009340560216323304,3.451796125178489e-06,1.0105107023990205e-11,aggressive,aggressive
283,dress,gravel,aggressive,462.53862029263104,78.27966085476896,-9.210621250869911,691,47,210.19038988498025,85.2,2.1,9.391485505499118,turchet_emotion_generated/dress/gravel/aggressive/dress_gravel_aggressive_0283.wav,22,1.3320331827368888,-9.210621126388649,-21.95381401119629,-32.49646709334871,-10.542654433606804,44100,10.0,-10.287889709605722,-10.013244995623388,-15.516307646725599,-29.883868985272308,-53.63136327220653,0.43076989020478135,0.5669203196163705,0.0023097888489461713,1.3299021025120776e-09,6.462699232617282e-20,happy,aggressive
284,dress,gravel,aggressive,371.40009905068246,86.95981721797102,-6.437847010377462,691,47,210.19038988498025,85.2,2.1,9.391485505499118,turchet_emotion_generated/dress/gravel/aggressive/dress_gravel_aggressive_0284.wav,27,1.3121007776122076,-6.437847127619969,-21.082188356388905,-28.832135673689297,-7.74994778798967,44100,10.0,-10.59925001340723,-10.843262184926914,-20.59965499629342,-37.8442004074369,-66.21066479597073,0.5606878807140421,0.4392866744015593,2.544488357380164e-05,8.248776812831932e-13,3.9535806091635153e-25,aggressive,aggressive
285,dress,gravel,aggressive,1044.9580214566251,80.12385312730942,-8.621515638729875,691,47,210.19038988498025,85.2,2.1,9.391485505499118,turchet_emotion_generated/dress/gravel/aggressive/dress_gravel_aggressive_0285.wav,10,1.4286944047130792,-8.621516270553226,-24.55212902630436,-34.60233942475614,-10.050210043442954,44100,10.0,-10.98967443761222,-10.934225158067747,-10.599223233663974,-11.25370982058747,-11.752577730815911,0.20969109375804448,0.2216467160601475,0.309849491907375,0.16103151363298684,0.09778118464144622,neutral,aggressive
286,dress,gravel,aggressive,1007.2926730710948,98.61069085814816,-2.716111945135109,691,47,210.19038988498025,85.2,2.1,9.391485505499118,turchet_emotion_generated/dress/gravel/aggressive/dress_gravel_aggressive_0286.wav,10,0.8520109398753646,-2.716111512288961,-25.30887523396411,-28.876997887446795,-3.568122885010474,44100,10.0,-11.57743145117459,-12.991159390790326,-20.530535893996962,-18.960249409236773,-16.74700832428304,0.800209346385068,0.19463878123144043,0.00010349509420287407,0.0004976070440312837,0.004550770245257448,aggressive,aggressive
287,dress,gravel,aggressive,847.6327682006798,87.0225730377456,-6.417800399091793,691,47,210.19038988498025,85.2,2.1,9.391485505499118,turchet_emotion_generated/dress/gravel/aggressive/dress_gravel_aggressive_0287.wav,12,0.9187633618857872,-6.417800263868108,-24.78347498237115,-32.12003748165087,-7.3365637609775805,44100,10.0,-9.722182779597938,-10.541751677290167,-13.811212944176031,-16.77970352172076,-21.209276270042665,0.6857543115886231,0.3021581390347599,0.011490139728040936,0.0005903726537640388,7.036994812022114e-06,aggressive,aggressive
288,dress,gravel,aggressive,417.2471235654721,83.1758130043646,-7.646602817344547,691,47,210.19038988498025,85.2,2.1,9.391485505499118,turchet_emotion_generated/dress/gravel/aggressive/dress_gravel_aggressive_0288.wav,24,0.1462191604820509,-7.646602731325165,-22.483432388586927,-30.276253559951773,-7.792821977826598,44100,10.0,-10.297050332743149,-10.356980827181852,-17.983021434530954,-33.78294162935306,-59.71924629176307,0.5148563821080768,0.4849071831335557,0.00023643472586680494,3.250072940828841e-11,1.7696978042482823e-22,aggressive,aggressive
289,dress,gravel,aggressive,613.4858657642442,87.8436984894052,-6.155501495096639,691,47,210.19038988498025,85.2,2.1,9.391485505499118,turchet_emotion_generated/dress/gravel/aggressive/dress_gravel_aggressive_0289.wav,17,1.252736696240697,-6.155501546406601,-22.93379484931483,-30.342033786221503,-7.408238191337336,44100,10.0,-9.53331482980832,-10.357460223311262,-16.582982380680562,-25.179546983122265,-39.12314188663366,0.6946964992996529,0.3047006030133053,0.0006027863285844876,1.1135835930024699e-07,9.797076498005108e-14,aggressive,aggressive
290,dress,gravel,aggressive,688.1882034033115,92.86592760529356,-4.551209251995922,691,47,210.19038988498025,85.2,2.1,9.391485505499118,turchet_emotion_generated/dress/gravel/aggressive/dress_gravel_aggressive_0290.wav,15,0.7834293498130686,-4.551209225877156,-23.79343568060172,-29.12807408694991,-5.33463860180899,44100,10.0,-9.758926881737917,-11.017480835824738,-18.4459490360214,-24.176857223680564,-33.63308696462455,0.7786744070675999,0.2211937560719996,0.00013141051432096783,4.2631274147228466e-07,3.333802874913237e-11,aggressive,aggressive
291,dress,gravel,aggressive,706.0916862770695,64.65928918509945,-13.561489384040389,691,47,210.19038988498025,85.2,2.1,9.391485505499118,turchet_emotion_generated/dress/gravel/aggressive/dress_gravel_aggressive_0291.wav,14,0.7074793957323134,-13.561489396282036,-24.091549465572378,-38.3605192771582,-14.268968779772704,44100,10.0,-11.8201131862359,-10.399347253479217,-10.715495507846581,-16.99657747606644,-29.126989726909176,0.12248884462240502,0.5071393887407231,0.3696799531832052,0.0006918097227499122,3.730916742109097e-09,happy,aggressive
292,dress,gravel,aggressive,644.3733123264923,83.77631941406577,-7.454778081199383,691,47,210.19038988498025,85.2,2.1,9.391485505499118,turchet_emotion_generated/dress/gravel/aggressive/dress_gravel_aggressive_0292.wav,16,0.8430521229944974,-7.454777911027461,-23.315417385228606,-31.613246858813547,-8.29783020419388,44100,10.0,-9.461788895234477,-9.984651055549193,-14.344687410400557,-22.478332733618807,-35.58462411800828,0.6248443291070332,0.37042106976500155,0.0047332119446682796,1.3891804735333391e-06,2.8233755127251368e-12,aggressive,aggressive
293,dress,gravel,aggressive,738.0826821840959,77.45985759059874,-9.472497797564316,691,47,210.19038988498025,85.2,2.1,9.391485505499118,turchet_emotion_generated/dress/gravel/aggressive/dress_gravel_aggressive_0293.wav,14,0.557222368939053,-9.472498112222814,-23.84510117838073,-33.87482129219562,-10.02972016650337,44100,10.0,-9.790407065706766,-9.786068094846994,-11.283293124818208,-17.302211753028743,-27.113843718530227,0.44850728737850365,0.45045757549069315,0.10078997240614,0.0002451512878413801,1.3436821812452121e-08,happy,aggressive
294,dress,gravel,aggressive,552.715301767681,94.95087349913253,-3.885197716562635,691,47,210.19038988498025,85.2,2.1,9.391485505499118,turchet_emotion_generated/dress/gravel/aggressive/dress_gravel_aggressive_0294.wav,18,0.8327793003100172,-3.8851974986351614,-23.309978930100637,-28.02795670118268,-4.717977016872652,44100,10.0,-10.181111496717152,-11.428047964404506,-21.696302684446742,-31.025644578302167,-46.733600287817744,0.7767630780545886,0.2232291712059514,7.750051405215786e-06,6.880545622489176e-10,1.036917949165693e-16,aggressive,aggressive
295,dress,gravel,aggressive,693.8284346212661,90.22487786104833,-5.394861646294601,691,47,210.19038988498025,85.2,2.1,9.391485505499118,turchet_emotion_generated/dress/gravel/aggressive/dress_gravel_aggressive_0295.wav,15,0.6759743537113033,-5.394861696973196,-24.21307101969712,-30.28390665205693,-6.070836000005904,44100,10.0,-9.568921999728895,-10.642597573016769,-16.814982229834644,-22.833068118304702,-32.565678774386896,0.7448984925487425,0.2545691184023865,0.000531096111795057,1.292860386942116e-06,7.668890318713199e-11,aggressive,aggressive
296,dress,gravel,aggressive,877.2804870704283,82.39225960117066,-7.896899770707824,691,47,210.19038988498025,85.2,2.1,9.391485505499118,turchet_emotion_generated/dress/gravel/aggressive/dress_gravel_aggressive_0296.wav,12,1.0997483840072022,-7.89689998864325,-24.82505273662828,-33.82170011344038,-8.996648154715027,44100,10.0,-9.863101183398827,-10.270478964926014,-11.708353871777947,-14.57292055807875,-18.80243827153645,0.5456979178022343,0.363103448955099,0.08621230097029775,0.004914776029832665,7.155624253624749e-05,aggressive,aggressive
297,dress,gravel,aggressive,937.7268307485635,73.4078080823402,-10.766877533087277,691,47,210.19038988498025,85.2,2.1,9.391485505499118,turchet_emotion_generated/dress/gravel/aggressive/dress_gravel_aggressive_0297.wav,11,0.8014250981814098,-10.766877584018676,-24.990397183075885,-36.55869979203794,-11.568302631268685,44100,10.0,-10.902925520259421,-10.371750910051146,-9.266336417861737,-11.382460195585333,-14.968626133556576,0.1179973424273459,0.2007051092479783,0.6062250003149691,0.07304877926341515,0.0020237687462915793,neutral,aggressive
298,dress,gravel,aggressive,558.6456965568201,75.72713155810389,-10.02599682542746,691,47,210.19038988498025,85.2,2.1,9.391485505499118,turchet_emotion_generated/dress/gravel/aggressive/dress_gravel_aggressive_0298.wav,18,0.792852468104353,-10.025997111418691,-23.2291074909695,-34.04795812933676,-10.818849293531812,44100,10.0,-10.132650741851423,-9.79526295348458,-13.244386693018408,-24.34769471930455,-42.846128457587774,0.4088630674146528,0.5729326037732126,0.018204054615116733,2.7419701531387947e-07,2.5368513895899615e-15,happy,aggressive
299,dress,gravel,aggressive,648.6539848722279,78.86922688465157,-9.022291290863889,691,47,210.19038988498025,85.2,2.1,9.391485505499118,turchet_emotion_generated/dress/gravel/aggressive/dress_gravel_aggressive_0299.wav,16,0.6025628870525409,-9.022291088283662,-23.20549085231047,-32.830345190826726,-9.62485417791643,44100,10.0,-9.673191815464573,-9.755916025267554,-12.658680695836164,-20.974517591873443,-34.55407125437014,0.507322653475267,0.46704377447120127,0.025627303297297472,6.26874829746109e-06,7.936985923706918e-12,aggressive,aggressive
